predicted,actual,pearson_residual,spearman_residual
0.6825688,0.71449316,-0.031924367,-246.0
0.46133623,0.3872541,0.074082136,220.0
0.6656945,0.40535003,0.26034445,1491.0
0.6087379,0.6892878,-0.080549896,-782.0
0.70625854,0.7153801,-0.009121537,-6.0
0.9061945,0.7348643,0.17133021,761.0
0.68184733,0.59681404,0.0850333,707.0
0.37162155,0.36860147,0.003020078,-99.0
0.38231978,0.32938626,0.052933514,202.0
0.6012442,0.71131647,-0.110072255,-1048.0
0.7925178,0.78206146,0.010456324,119.0
0.6205282,0.503576,0.11695224,561.0
0.2882819,0.3300575,-0.041775614,-367.0
0.37524262,0.4045926,-0.029349983,-275.0
0.80141664,0.96951765,-0.16810101,-399.0
0.7552632,0.5033381,0.2519251,1831.0
0.7801747,0.6449996,0.13517505,1106.0
0.30344182,0.32519957,-0.021757752,-219.0
0.43350497,0.495481,-0.061976045,-408.0
0.30608356,0.31536672,-0.009283155,-130.0
0.48913473,0.46202028,0.027114451,-62.0
0.45492196,0.4089313,0.045990676,82.0
0.6118347,0.6148731,-0.0030384064,-138.0
0.9195105,0.94657177,-0.027061284,129.0
0.23206049,0.31207523,-0.080014735,-553.0
0.42863947,0.4834433,-0.05480382,-374.0
0.32637647,0.32760257,-0.0012260973,-91.0
0.25858593,0.22288044,0.035705492,145.0
0.2783228,0.32661644,-0.04829365,-387.0
0.67282885,0.45325822,0.21957064,1319.0
0.6654115,0.72887063,-0.06345916,-545.0
0.71350825,0.6606646,0.05284363,567.0
0.43991077,0.4911629,-0.051252127,-357.0
0.40190092,0.38177213,0.020128787,-1.0
0.819414,0.9475587,-0.12814468,-186.0
0.6057089,0.7126642,-0.10695529,-1015.0
0.6964123,0.73070014,-0.03428781,-231.0
0.6352123,0.6598242,-0.02461189,-259.0
0.69675845,0.7311104,-0.034351945,-231.0
0.3819775,0.41497284,-0.032995343,-301.0
0.5992649,0.6440121,-0.044747174,-454.0
0.6416735,0.5825846,0.059088886,354.0
0.6124127,0.6057072,0.006705463,-63.0
0.9039638,0.9873836,-0.0834198,-127.0
0.67573076,0.8078901,-0.13215935,-802.0
0.6191198,0.71175176,-0.092631936,-900.0
0.34068894,0.25422326,0.08646569,517.0
0.6215957,0.63737255,-0.015776873,-217.0
0.39058328,0.38407707,0.0065062046,-83.0
0.8217741,0.7928276,0.028946519,227.0
0.22791325,0.25346434,-0.025551096,-156.0
0.41624087,0.36393157,0.052309304,163.0
0.5295328,0.48298058,0.04655221,57.0
0.7024584,0.625938,0.07652038,729.0
0.26916105,0.23100992,0.03815113,187.0
0.75132394,0.7300571,0.021266818,219.0
0.3277254,0.30161598,0.026109427,119.0
0.6193015,0.52436274,0.094938755,449.0
0.73449427,0.7404228,-0.0059285164,53.0
0.8180148,0.83415383,-0.01613903,111.0
0.35616937,0.26880455,0.08736482,499.0
0.6523386,0.6843554,-0.032016754,-296.0
0.68592954,0.6086768,0.077252746,677.0
0.2723208,0.37132594,-0.09900513,-724.0
0.34177747,0.22840641,0.11337106,667.0
0.42449737,0.35547724,0.06902012,248.0
0.5652628,0.6988887,-0.13362592,-1178.0
0.7078817,0.6852765,0.02260518,281.0
0.77802694,0.72216433,0.055862606,399.0
0.7373004,0.70909035,0.028210044,312.0
0.5375831,0.37487248,0.16271064,621.0
0.25114757,0.29034317,-0.039195597,-328.0
0.51141715,0.58410573,-0.07268858,-551.0
0.5885173,0.61558044,-0.027063131,-319.0
0.29773274,0.26655856,0.031174183,168.0
0.64728624,0.6043102,0.04297602,287.0
0.28845808,0.23736359,0.051094487,282.0
0.658463,0.60134023,0.057122767,415.0
0.37774217,0.40918162,-0.031439453,-291.0
0.66107684,0.73365116,-0.07257432,-647.0
0.51969075,0.9693595,-0.44966877,-2510.0
0.42194727,0.38222086,0.039726406,82.0
0.3005115,0.26935017,0.031161338,161.0
0.62943137,0.76572156,-0.1362902,-1168.0
0.3183352,0.325447,-0.007111788,-116.0
0.6826858,0.64722294,0.035462856,357.0
0.7832942,0.6710482,0.11224598,888.0
0.3329664,0.26827696,0.06468943,382.0
0.60374594,0.61935014,-0.015604198,-226.0
0.5614305,0.57466996,-0.013239443,-235.0
0.6608639,0.6956438,-0.034779906,-329.0
0.41599467,0.3705078,0.045486867,125.0
0.2634517,0.3812175,-0.117765814,-833.0
0.7967509,0.9310846,-0.13433367,-215.0
0.68231535,0.69263506,-0.01031971,-60.0
0.42332828,0.7519925,-0.32866424,-2230.0
0.86855435,0.9370143,-0.06845993,32.0
0.43774647,0.36811638,0.06963009,226.0
0.774153,0.5936418,0.18051118,1443.0
0.73217666,0.95633906,-0.2241624,-670.0
0.7209323,0.7410911,-0.020158768,-60.0
0.77168304,0.73384744,0.037835598,282.0
0.57061636,0.5995108,-0.028894424,-338.0
0.7276749,0.6646492,0.06302571,646.0
0.71869236,0.69411576,0.024576604,298.0
0.69322324,0.649341,0.04388225,449.0
0.23875833,0.21741503,0.02134329,55.0
0.68675905,0.6714987,0.015260339,179.0
0.8248738,0.94925743,-0.12438363,-178.0
0.7465938,0.62586635,0.12072742,1085.0
0.26098648,0.28428134,-0.023294866,-221.0
0.7234154,0.6030496,0.1203658,1076.0
0.16755345,0.2882503,-0.12069684,-513.0
0.7702331,0.59611213,0.17412096,1405.0
0.63756156,0.5051861,0.13237548,725.0
0.34381136,0.42418528,-0.08037391,-557.0
0.79120564,0.90075827,-0.10955262,-162.0
0.30535913,0.33704636,-0.03168723,-293.0
0.47500423,0.44141853,0.033585697,-11.0
0.5864767,0.6427223,-0.056245625,-532.0
0.6428228,0.65527564,-0.012452841,-148.0
0.7537378,0.72645193,0.027285874,258.0
0.39818698,0.38203278,0.0161542,-24.0
0.5855215,0.5679182,0.017603338,-40.0
0.30242226,0.29876822,0.003654033,-23.0
0.18336882,0.25650468,-0.07313587,-265.0
0.6495718,0.7505922,-0.101020396,-878.0
0.81118083,0.7314986,0.07968223,479.0
0.5278758,0.5580678,-0.030192018,-308.0
0.4848121,0.2825638,0.2022483,991.0
0.66728526,0.7476565,-0.08037126,-660.0
0.68557453,0.6327688,0.05280572,507.0
0.39072484,0.41984874,-0.029123902,-270.0
0.52100444,0.4920477,0.028956741,-16.0
0.6911635,0.6429145,0.048249006,488.0
0.84121346,0.9488515,-0.10763806,-128.0
0.59120166,0.25696594,0.33423573,1742.0
0.5197881,0.49281234,0.02697575,-25.0
0.6203191,0.66840583,-0.048086703,-484.0
0.728645,0.925722,-0.19707698,-556.0
0.26436788,0.24638167,0.017986208,75.0
0.67869955,0.9142915,-0.23559195,-1010.0
0.4409817,0.36639196,0.07458973,246.0
0.7159463,0.77035075,-0.054404438,-270.0
0.44341728,0.36724415,0.07617313,264.0
0.4481241,0.34103668,0.10708743,443.0
0.53687847,0.48658422,0.05029425,78.0
0.44149083,0.27073842,0.1707524,914.0
0.27735445,0.2687852,0.008569241,20.0
0.37571996,0.3444995,0.031220466,68.0
0.64235395,0.7663767,-0.12402272,-1044.0
0.64626455,0.6500265,-0.0037619472,-64.0
0.69615555,0.65886927,0.03728628,405.0
0.58303374,0.6178961,-0.03486234,-368.0
0.7017424,0.7637742,-0.062031806,-383.0
0.39633632,0.23883308,0.15750323,915.0
0.7534096,0.6843635,0.06904614,635.0
0.7177112,0.68450123,0.03320998,396.0
0.6649739,0.66894346,-0.00396955,-27.0
0.42009574,0.32535255,0.09474319,435.0
0.33872682,0.36274377,-0.024016947,-246.0
0.8657063,0.88982403,-0.024117708,152.0
0.85282826,0.96274453,-0.10991627,-167.0
0.6455964,0.75106865,-0.10547227,-924.0
0.84462595,0.946209,-0.10158306,-98.0
0.46431047,0.50735176,-0.04304129,-328.0
0.54584336,0.61215645,-0.06631309,-561.0
0.49292767,0.2883027,0.20462498,973.0
0.61503416,0.5257845,0.08924967,410.0
0.6106181,0.6329712,-0.022353113,-271.0
0.58792496,0.5658891,0.022035837,-10.0
0.7389852,0.68830496,0.05068022,516.0
0.8443847,0.8117877,0.032596946,250.0
0.76126564,0.78099483,-0.019729197,-16.0
0.60375965,0.6940345,-0.09027487,-871.0
0.8776932,0.89736867,-0.019675493,175.0
0.5676914,0.48292586,0.08476552,258.0
0.23814097,0.25583032,-0.017689347,-144.0
0.70886356,0.62607646,0.0827871,787.0
0.69830567,0.65441924,0.043886423,469.0
0.6905359,0.4846684,0.2058675,1386.0
0.57518995,0.6540327,-0.07884276,-704.0
0.91422904,0.37460604,0.539623,3042.0
0.853063,0.7052426,0.14782041,838.0
0.82985127,0.95572436,-0.12587309,-202.0
0.6952579,0.9114582,-0.21620029,-833.0
0.26671213,0.3292632,-0.06255108,-500.0
0.5147442,0.55392057,-0.039176345,-351.0
0.39872566,0.4030195,-0.004293829,-130.0
0.59429985,0.57062185,0.023678005,9.0
0.46774465,0.4528921,0.014852554,-93.0
0.26428366,0.3373532,-0.07306954,-569.0
0.5141364,0.29821742,0.21591896,1025.0
0.5762138,0.7001384,-0.12392461,-1126.0
0.9308454,0.97037005,-0.039524674,14.0
0.6520661,0.7549541,-0.10288799,-879.0
0.7265391,0.75183666,-0.025297582,-102.0
0.22270775,0.28552136,-0.06281361,-406.0
0.7687746,0.63711876,0.13165587,1110.0
0.6650252,0.7317884,-0.06676322,-586.0
0.4362438,0.47647426,-0.040230453,-318.0
0.69573724,0.7032128,-0.007475555,-19.0
0.5657806,0.63769096,-0.07191038,-639.0
0.33112913,0.31906474,0.012064397,4.0
0.6650363,0.8473606,-0.18232429,-1004.0
0.74039596,0.7094563,0.030939639,338.0
0.8807932,0.9879464,-0.10715318,-190.0
0.6643044,0.71156216,-0.04725778,-433.0
0.65400505,0.5740076,0.07999748,548.0
0.6152583,0.6213963,-0.0061380267,-139.0
0.34498048,0.31074235,0.03423813,156.0
0.69699895,0.68763435,0.009364605,149.0
0.2902968,0.3453872,-0.055090398,-446.0
0.3794285,0.4102082,-0.03077969,-286.0
0.57343745,0.65212923,-0.07869178,-701.0
0.7339512,0.92661184,-0.19266063,-518.0
0.69791,0.7086678,-0.010757804,-31.0
0.7817247,0.73776424,0.043960452,309.0
0.33461964,0.35519513,-0.020575494,-221.0
0.28978354,0.33091182,-0.041128278,-357.0
0.6539382,0.65051097,0.0034272075,16.0
0.72906685,0.6705164,0.058550477,601.0
0.6100321,0.6814758,-0.07144374,-691.0
0.39270595,0.38376847,0.008937478,-67.0
0.33460757,0.35316786,-0.01856029,-200.0
0.5462463,0.68169606,-0.13544977,-1118.0
0.2557795,0.26326934,-0.0074898303,-98.0
0.42664698,0.7154211,-0.2887741,-1947.0
0.8682394,0.8783469,-0.010107517,192.0
0.58241034,0.5459267,0.036483645,53.0
0.6359501,0.68850595,-0.05255586,-521.0
0.7799891,0.9768884,-0.1968993,-513.0
0.8041663,0.7379299,0.06623644,394.0
0.2833897,0.20334323,0.08004646,366.0
0.5920254,0.4601098,0.1319156,507.0
0.8731044,0.98253155,-0.109427154,-194.0
0.61269844,0.31160447,0.30109397,1534.0
0.4758954,0.4216297,0.054265708,86.0
0.68165785,0.6361517,0.04550618,425.0
0.25681838,0.31545377,-0.058635384,-463.0
0.8354623,0.8694073,-0.033945024,96.0
0.7100418,0.68551886,0.02452296,306.0
0.7509116,0.7277532,0.023158371,238.0
0.26554227,0.22834964,0.037192628,179.0
0.18076752,0.24704923,-0.066281706,-205.0
0.30513886,0.39076665,-0.085627794,-619.0
0.69036794,0.6736038,0.016764164,200.0
0.4377761,0.37822422,0.059551865,172.0
0.60665524,0.6456299,-0.038974643,-408.0
0.21703054,0.20533785,0.011692688,19.0
0.63079524,0.7163728,-0.08557755,-829.0
0.9041222,0.88457286,0.01954931,278.0
0.56472814,0.55193204,0.012796104,-85.0
0.7337205,0.9641437,-0.23042321,-703.0
0.678271,0.59068775,0.087583244,711.0
0.9377962,0.9797001,-0.041903913,-17.0
0.6205322,0.3628697,0.2576625,1250.0
0.73742414,0.6771038,0.060320318,607.0
0.63406694,0.61200476,0.022062182,85.0
0.6719229,0.47915953,0.19276339,1207.0
0.81384075,0.9474205,-0.13357973,-211.0
0.73147464,0.6899281,0.041546524,431.0
0.28420544,0.2453779,0.03882754,217.0
0.6652062,0.6755903,-0.010384083,-88.0
0.48218578,0.42684293,0.055342853,86.0
0.15757003,0.3366854,-0.17911536,-859.0
0.5871693,0.63731116,-0.05014187,-496.0
0.33729035,0.2708786,0.06641173,384.0
0.60849476,0.7270919,-0.11859715,-1105.0
0.8618853,0.66334254,0.19854277,1273.0
0.49526474,0.7200338,-0.22476909,-1723.0
0.54954875,0.39988372,0.14966503,548.0
0.8577089,0.9047086,-0.046999753,92.0
0.7766491,0.7995357,-0.022886574,8.0
0.42537773,0.4770239,-0.051646173,-363.0
0.89127254,0.7279086,0.16336393,789.0
0.8645831,0.9574043,-0.09282124,-91.0
0.24411705,0.2110553,0.033061758,99.0
0.28106385,0.28364375,-0.0025798976,-71.0
0.61369467,0.6359846,-0.022289932,-277.0
0.4721714,0.492948,-0.0207766,-234.0
0.60059637,0.63155407,-0.030957699,-342.0
0.72513473,0.6478629,0.07727182,763.0
0.62100536,0.76679504,-0.14578968,-1256.0
0.2008766,0.27793384,-0.07705724,-390.0
0.41463324,0.53392065,-0.1192874,-676.0
0.75374573,0.90999323,-0.1562475,-353.0
0.43195,0.48436722,-0.05241722,-366.0
0.21696186,0.23247539,-0.015513524,-66.0
0.38781115,0.39691043,-0.009099275,-163.0
0.4040662,0.4105,-0.006433785,-148.0
0.7670112,0.62222725,0.14478397,1222.0
0.31084427,0.3156886,-0.0048443377,-93.0
0.6645199,0.46103558,0.20348433,1190.0
0.6269127,0.68552536,-0.058612645,-585.0
0.38474187,0.4090412,-0.024299324,-243.0
0.6054131,0.8211326,-0.21571952,-1538.0
0.84300756,0.9424927,-0.09948516,-86.0
0.26291126,0.26256588,0.0003453791,-40.0
0.30229482,0.23345019,0.06884463,393.0
0.20682691,0.27213445,-0.06530754,-339.0
0.4114739,0.3261165,0.0853574,383.0
0.88043493,0.98872155,-0.10828662,-195.0
0.77131623,0.773011,-0.0016947985,67.0
0.8627065,0.8960488,-0.0333423,128.0
0.5515554,0.51949126,0.03206414,11.0
0.5537758,0.67156565,-0.117789865,-990.0
0.8990344,0.8479242,0.051110208,346.0
0.316724,0.2443158,0.0724082,450.0
0.27258128,0.3397319,-0.06715062,-529.0
0.45536885,0.40158212,0.053786725,121.0
0.39289927,0.38251016,0.010389119,-51.0
0.328693,0.35025412,-0.021561116,-223.0
0.74476874,0.73825526,0.0065134764,125.0
0.49970087,0.5572927,-0.057591826,-439.0
0.25559524,0.32645887,-0.070863634,-560.0
0.7096314,0.6211757,0.08845568,847.0
0.60927284,0.59319,0.016082823,-8.0
0.4761396,0.42417318,0.05196643,80.0
0.36651844,0.3524664,0.014052033,-19.0
0.83712906,0.7870223,0.050106764,290.0
0.68190247,0.719404,-0.037501514,-308.0
0.25959945,0.244455,0.015144452,58.0
0.67179215,0.727145,-0.055352867,-466.0
0.70109725,0.5484489,0.15264833,1193.0
0.64217424,0.7414762,-0.099301934,-893.0
0.5624354,0.52127457,0.041160822,59.0
0.44495198,0.34508651,0.09986547,406.0
0.6167376,0.761685,-0.14494741,-1262.0
0.5577736,0.5293068,0.028466761,-9.0
0.4524479,0.47977123,-0.027323335,-256.0
0.47386345,0.29857758,0.17528588,861.0
0.39341545,0.41786492,-0.024449468,-238.0
0.4169169,0.44705424,-0.03013733,-272.0
0.9443662,0.9567548,-0.012388587,109.0
0.7396513,0.47101045,0.26864088,1885.0
0.5468155,0.72180974,-0.17499423,-1485.0
0.5765994,0.5219935,0.0546059,136.0
0.6001806,0.74459016,-0.14440954,-1303.0
0.56059027,0.6550631,-0.094472826,-800.0
0.49240458,0.44100946,0.05139512,48.0
0.7104085,0.6513198,0.059088707,612.0
0.6657325,0.5256649,0.14006758,935.0
0.71611166,0.381542,0.33456966,2149.0
0.27084965,0.3362361,-0.065386444,-516.0
0.65411246,0.7766153,-0.12250286,-955.0
0.7170879,0.8800943,-0.16300637,-523.0
0.78278714,0.6798843,0.10290283,812.0
0.3834164,0.4731982,-0.08978179,-560.0
0.623226,0.65864176,-0.03541577,-366.0
0.99999994,1.0,-5.9604645e-08,-6.5
0.65991086,0.77500266,-0.1150918,-884.0
0.6249605,0.7031164,-0.078155935,-770.0
0.35780537,0.2721274,0.08567798,486.0
0.69100386,0.65572095,0.03528291,370.0
0.5496756,0.533413,0.01626259,-79.0
0.37362635,0.31248567,0.061140686,290.0
0.29551065,0.24327122,0.052239433,300.0
0.41013503,0.248301,0.16183403,932.0
0.41046223,0.4311851,-0.020722866,-232.0
0.8365593,0.82780915,0.008750141,196.0
0.7026605,0.5228623,0.17979819,1339.0
0.50346076,0.6229305,-0.11946976,-827.0
0.30736578,0.28183836,0.025527418,112.0
0.6810148,0.9119658,-0.23095101,-983.0
0.5211131,0.7241504,-0.20303732,-1622.0
0.61738306,0.5482656,0.06911749,317.0
0.38875234,0.42078745,-0.032035112,-288.0
0.63776815,0.69074893,-0.05298078,-520.0
0.7302886,0.5549886,0.1753,1429.0
0.36890125,0.38369763,-0.014796376,-203.0
0.66463524,0.6350804,0.029554844,254.0
0.36263973,0.3557173,0.006922424,-73.0
0.8548362,0.98058695,-0.12575072,-250.0
0.673898,0.5787009,0.09519708,729.0
0.5276058,0.3521381,0.17546767,715.0
0.54954547,0.5045223,0.045023143,57.0
0.8918602,0.969784,-0.077923834,-73.0
0.5791515,0.75411797,-0.17496645,-1523.0
0.90251285,0.92070043,-0.018187582,176.0
0.6754994,0.63889575,0.03660363,336.0
0.80904675,0.7283293,0.080717444,496.0
0.27672318,0.2993897,-0.022666514,-185.0
0.6974659,0.7334921,-0.03602618,-244.0
0.6049091,0.56170267,0.043206453,135.0
0.8262189,0.61010355,0.21611536,1564.0
0.70246196,0.71644586,-0.013983905,-61.0
0.5943109,0.17190905,0.42240185,2046.0
0.6366388,0.5726301,0.06400871,368.0
0.30354846,0.28716797,0.016380489,47.0
0.5920131,0.52658147,0.065431654,222.0
0.22420827,0.2029028,0.021305472,45.0
0.43521768,0.43803203,-0.0028143525,-162.0
0.63254434,0.66182387,-0.02927953,-307.0
0.25285336,0.2661244,-0.013271034,-132.0
0.28839386,0.31251174,-0.024117887,-222.0
0.7212645,0.7019936,0.019270897,244.0
0.20766664,0.22130632,-0.0136396885,-47.0
0.6368361,0.6144178,0.02241832,106.0
0.4093517,0.4504085,-0.041056782,-323.0
0.63452506,0.6482386,-0.013713539,-176.0
0.6650964,0.43183494,0.23326147,1333.0
0.7792882,0.6781697,0.101118445,812.0
0.64726657,0.6858741,-0.038607538,-370.0
0.7945547,0.97410285,-0.17954814,-443.0
0.55653304,0.8210583,-0.26452523,-1863.0
0.71367496,0.60791403,0.10576093,973.0
0.29593447,0.2617288,0.034205675,185.0
0.8496821,0.96892345,-0.11924136,-203.0
0.848967,0.9050587,-0.056091666,55.0
0.3863561,0.25143105,0.13492504,787.0
0.78695655,0.49374187,0.29321468,2024.0
0.65045047,0.7084213,-0.05797082,-549.0
0.76872706,0.6237498,0.14497727,1212.0
0.39903116,0.4417216,-0.042690426,-337.0
0.36385077,0.3827245,-0.018873721,-222.0
0.553634,0.62319493,-0.069560945,-583.0
0.76129085,0.74595904,0.015331805,160.0
0.5704593,0.594428,-0.023968697,-304.0
0.5045849,0.34714246,0.15744245,629.0
0.26314405,0.3330116,-0.06986755,-549.0
0.8025053,0.95618963,-0.15368432,-326.0
0.8895113,0.9422545,-0.052743196,73.0
0.66799355,0.5594362,0.10855734,787.0
0.42193666,0.4377297,-0.015793025,-210.0
0.6166602,0.5228155,0.09384465,430.0
0.2914342,0.26932263,0.022111565,103.0
0.21777374,0.29126224,-0.0734885,-450.0
0.21059732,0.2999882,-0.08939089,-519.0
0.37671685,0.41634303,-0.03962618,-342.0
0.5374187,0.44933042,0.088088304,229.0
0.35172483,0.41396248,-0.06223765,-456.0
0.80524457,0.95204836,-0.1468038,-286.0
0.35185218,0.3641462,-0.012294024,-178.0
0.3007542,0.3056632,-0.0049090087,-78.0
0.4768003,0.38292468,0.09387562,301.0
0.65086585,0.5618976,0.08896828,582.0
0.7158372,0.7213561,-0.0055189133,30.0
0.2930341,0.37653583,-0.08350173,-614.0
0.41893527,0.40828913,0.010646135,-61.0
0.69088775,0.6259306,0.06495714,603.0
0.5955093,0.84237576,-0.24686646,-1669.0
0.22318545,0.27381492,-0.050629467,-309.0
0.53445715,0.414813,0.119644135,381.0
0.56470966,0.63671523,-0.07200557,-633.0
0.22374026,0.24148157,-0.017741308,-92.0
0.6402184,0.6916825,-0.05146414,-511.0
0.6424402,0.6225731,0.019867122,112.0
0.26224768,0.3045582,-0.042310506,-327.0
0.55599976,0.6712854,-0.115285635,-977.0
0.35051784,0.3047139,0.045803934,235.0
0.77084625,0.78441465,-0.013568401,15.0
0.48404488,0.46291867,0.02112621,-84.0
0.8005722,0.52969193,0.27088028,1904.0
0.3628885,0.329398,0.03349048,98.0
0.87104803,0.9332502,-0.062202156,55.0
0.5275192,0.751545,-0.22402579,-1786.0
0.3030536,0.23687457,0.06617902,382.0
0.56114084,0.6128875,-0.051746666,-477.0
0.6338722,0.52224386,0.11162835,600.0
0.56537324,0.5751226,-0.009749353,-218.0
0.31256938,0.2679756,0.04459378,263.0
0.66134167,0.7320527,-0.07071102,-632.0
0.3221639,0.2467975,0.07536641,459.0
0.29727918,0.30154064,-0.004261464,-77.0
0.809484,0.53128743,0.27819657,1943.0
0.39803767,0.27196136,0.12607631,713.0
0.42941168,0.39501083,0.03440085,38.0
0.3165189,0.390501,-0.07398209,-535.0
0.34960052,0.57922566,-0.22962514,-1269.0
0.6231084,0.7885714,-0.16546303,-1307.0
0.63430417,0.72909933,-0.09479517,-886.0
0.33888525,0.30895096,0.029934287,133.0
0.6343849,0.62542176,0.008963108,0.0
0.34666276,0.31136426,0.035298496,161.0
0.37495494,0.20952033,0.16543461,901.0
0.6218712,0.63351536,-0.011644185,-172.0
0.63559645,0.64702356,-0.0114271045,-153.0
0.6047843,0.5908487,0.013935626,-39.0
0.25638402,0.2701734,-0.013789386,-145.0
0.70688796,0.6775321,0.029355884,344.0
0.5354867,0.513047,0.022439718,-49.0
0.30741832,0.33242905,-0.025010735,-247.0
0.6608585,0.6601169,0.000741601,7.0
0.49585867,0.63171345,-0.13585478,-930.0
0.75839114,0.71784776,0.040543377,338.0
0.69148576,0.5749897,0.116496086,945.0
0.45920783,0.51345885,-0.054251015,-373.0
0.49484923,0.51791245,-0.023063213,-267.0
0.45653287,0.50020367,-0.043670803,-333.0
0.52836883,0.59421843,-0.0658496,-525.0
0.7164598,0.7039887,0.012471139,189.0
0.34280002,0.31187516,0.030924857,133.0
0.50993633,0.52325183,-0.013315499,-234.0
0.6375394,0.7069425,-0.06940311,-673.0
0.8052741,0.8573714,-0.05209726,-4.0
0.71610737,0.64523035,0.070877016,720.0
0.6888693,0.694176,-0.0053067207,-7.0
0.57846653,0.7074184,-0.12895185,-1178.0
0.6052318,0.5185929,0.08663893,366.0
0.7301176,0.78787804,-0.057760417,-221.0
0.8264809,0.9594595,-0.13297856,-226.0
0.5205778,0.4590437,0.061534077,108.0
0.79707265,0.52576584,0.2713068,1920.0
0.6538068,0.7262831,-0.07247627,-660.0
0.5458152,0.37731674,0.16849849,647.0
0.76673067,0.7554675,0.011263192,117.0
0.6784636,0.64237314,0.036090434,359.0
0.73396945,0.58991814,0.14405131,1251.0
0.5765237,0.3471231,0.22940063,1003.0
0.46342748,0.44418406,0.01924342,-67.0
0.88885504,0.57286745,0.3159876,1998.0
0.5607689,0.41455922,0.14620969,526.0
0.48236325,0.43718287,0.04518038,33.0
0.6943789,0.7111678,-0.0167889,-103.0
0.56622916,0.7599739,-0.19374472,-1626.0
0.61694723,0.7155945,-0.09864724,-949.0
0.3837688,0.37382808,0.009940714,-57.0
0.55087084,0.467396,0.083474845,221.0
0.22128695,0.24360482,-0.022317871,-113.0
0.41344482,0.41029394,0.0031508803,-109.0
0.4241689,0.3875991,0.036569804,61.0
0.40023687,0.3677494,0.03248748,60.0
0.30349803,0.3548734,-0.05137536,-419.0
0.7318296,0.66927147,0.062558115,634.0
0.72815204,0.68728137,0.040870667,436.0
0.83420557,0.7945895,0.03961605,258.0
0.6137826,0.64410424,-0.030321658,-332.0
0.43292826,0.7447579,-0.31182963,-2141.0
0.6995805,0.960102,-0.26052153,-977.0
0.50596875,0.61433727,-0.108368516,-768.0
0.21267332,0.2483995,-0.035726175,-165.0
0.70006526,0.77434886,-0.0742836,-445.0
0.7562531,0.6393732,0.11687994,1033.0
0.59689546,0.62159175,-0.02469629,-294.0
0.306868,0.19345927,0.113408715,541.0
0.2762425,0.2664458,0.009796709,38.0
0.6274498,0.7630042,-0.13555437,-1177.0
0.5854213,0.49841747,0.08700386,299.0
0.4194773,0.47341383,-0.05393651,-373.0
0.70689523,0.68972063,0.017174602,226.0
1.0,0.6638234,0.33617657,1521.0
0.5592203,0.49314713,0.06607318,168.0
0.9151142,0.7791664,0.13594782,556.0
0.40999898,0.5111199,-0.10112092,-574.0
0.3098256,0.2261473,0.083678305,486.0
0.43436635,0.39421588,0.040150464,64.0
0.64075595,0.6726775,-0.031921566,-334.0
0.40258312,0.26311457,0.13946855,802.0
0.8479525,0.91948706,-0.071534574,7.0
0.29037616,0.24136426,0.0490119,280.0
0.28178936,0.32840523,-0.04661587,-390.0
0.6971969,0.61835164,0.07884526,744.0
0.6545249,0.6152515,0.03927344,291.0
0.8568909,0.9606263,-0.10373539,-129.0
0.32664558,0.25665748,0.0699881,420.0
0.66589653,0.6957357,-0.029839158,-270.0
0.46556473,0.4398725,0.025692225,-39.0
0.51124936,0.63744265,-0.12619328,-924.0
0.60070837,0.71576756,-0.1150592,-1091.0
0.38682583,0.35061112,0.03621471,104.0
0.18596278,0.18666169,-0.00069890916,-5.0
0.7369742,0.72353053,0.013443649,179.0
0.20298238,0.27523482,-0.07225244,-364.0
0.75125706,0.5480942,0.20316285,1593.0
0.18760745,0.3057202,-0.11811276,-588.0
0.27376872,0.31182757,-0.038058847,-311.0
0.7252801,0.73348475,-0.008204639,9.0
0.56779385,0.63434184,-0.06654799,-592.0
0.7023974,0.59802836,0.104369044,919.0
0.2705108,0.21649559,0.054015204,251.0
0.46666345,0.3181763,0.14848715,678.0
0.71107745,0.74946964,-0.038392186,-209.0
0.748207,0.5904017,0.15780526,1337.0
0.11171267,0.39434505,-0.28263238,-1212.0
0.9138926,0.98610204,-0.07220942,-93.0
0.3307352,0.32769114,0.0030440688,-68.0
0.66875917,0.4305464,0.23821276,1386.0
0.92090654,0.93444425,-0.013537705,186.0
0.6485639,0.575255,0.073308945,475.0
0.73015136,0.6331437,0.09700763,929.0
0.31690702,0.33085543,-0.013948411,-168.0
0.83490753,0.9631816,-0.12827408,-228.0
0.6115463,0.6918612,-0.080314934,-786.0
0.3780481,0.259794,0.118254095,681.0
0.68181634,0.53154343,0.1502729,1076.0
0.2763509,0.2618901,0.014460772,69.0
0.3839722,0.32346675,0.06050545,263.0
0.7634196,0.9524181,-0.18899846,-469.0
0.6405616,0.7912725,-0.15071094,-1144.0
0.35466042,0.40526345,-0.050603032,-388.0
0.5971019,0.66756004,-0.070458114,-668.0
0.55581814,0.57058156,-0.014763415,-237.0
0.55860597,0.6281712,-0.06956524,-602.0
0.6182162,0.65457517,-0.036358953,-381.0
0.8148289,0.8641535,-0.04932463,32.0
0.54716927,0.2078321,0.33933717,1697.0
0.6971699,0.675377,0.021792889,265.0
0.53282386,0.68923944,-0.15641558,-1263.0
0.61653066,0.6116836,0.0048470497,-81.0
0.3453703,0.31715533,0.028214961,95.0
0.90964794,0.88943416,0.020213783,277.0
0.30701143,0.358304,-0.05129257,-422.0
0.7015834,0.5505269,0.15105647,1188.0
0.8181998,0.8833011,-0.065101266,9.0
0.59177494,0.6695096,-0.07773465,-729.0
0.69547814,0.94949883,-0.2540207,-972.0
0.14391507,0.21117392,-0.06725885,-80.0
0.8840685,0.9558609,-0.07179242,-21.0
0.6477512,0.6385498,0.009201407,41.0
0.7748398,0.4969798,0.27786002,1948.0
0.52434134,0.542329,-0.017987669,-245.0
0.3652344,0.34691185,0.018322557,5.0
0.66967285,0.564289,0.10538387,784.0
0.4995562,0.30830768,0.19124854,889.0
0.6458175,0.5223976,0.12341994,729.0
0.35059395,0.39549223,-0.04489827,-364.0
0.7250789,0.6867763,0.0383026,411.0
0.73160326,0.65719455,0.07440871,739.0
0.588614,0.74394286,-0.15532887,-1377.0
0.2403938,0.20594938,0.03444442,87.0
0.57441896,0.701049,-0.12663001,-1147.0
0.82565075,0.9635532,-0.13790244,-258.0
0.2839094,0.20214793,0.08176148,372.0
0.30380318,0.3234321,-0.019628912,-202.0
0.24010488,0.23705496,0.003049925,-27.0
0.51502705,0.65096104,-0.135934,-1000.0
0.41488326,0.3489151,0.065968156,247.0
0.86081696,0.98083717,-0.12002021,-229.0
0.676631,0.72063625,-0.044005275,-370.0
0.41155034,0.34259245,0.068957895,274.0
0.31971973,0.28266105,0.03705868,196.0
0.7335217,0.771204,-0.037682295,-133.0
0.3153255,0.36072287,-0.04539737,-373.0
0.57216245,0.49477592,0.07738653,238.0
0.5093918,0.3548476,0.15454417,592.0
0.6359632,0.5940552,0.041908026,232.0
0.7014979,0.7409813,-0.03948337,-245.0
0.66899616,0.6337829,0.035213232,321.0
0.59079427,0.71289074,-0.12209648,-1129.0
0.6305069,0.612914,0.017592847,46.0
0.4151262,0.39157584,0.023550361,-7.0
0.42345735,0.41136876,0.012088597,-65.0
0.6676409,0.4115559,0.25608504,1473.0
0.44037747,0.3409691,0.09940839,409.0
0.4332464,0.41320342,0.020042986,-43.0
0.84108937,0.7037272,0.13736218,811.0
0.69588804,0.62738216,0.06850588,644.0
0.2439066,0.32668138,-0.08277477,-625.0
0.5175189,0.8389784,-0.32145953,-2108.0
0.33436444,0.2538432,0.080521256,484.0
0.8214381,0.5350129,0.28642517,1977.0
0.25688305,0.26979232,-0.012909263,-139.0
0.4252172,0.40799373,0.017223477,-36.0
0.80308145,0.6548851,0.14819634,1113.0
0.60252124,0.70089465,-0.09837341,-952.0
0.7083853,0.53499645,0.17338884,1335.0
0.7615001,0.6934082,0.06809193,583.0
0.7614562,0.7174153,0.04404092,363.0
0.6632444,0.8257221,-0.16247767,-983.0
0.3593104,0.33693254,0.022377849,29.0
0.36083892,0.45251077,-0.091671854,-602.0
0.5671428,0.60833365,-0.041190863,-411.0
0.7512758,0.7597203,-0.008444548,27.0
0.78716564,0.98115987,-0.19399422,-515.0
0.46522754,0.56136984,-0.09614229,-597.0
0.6663644,0.6368757,0.029488683,262.0
0.63274026,0.6696437,-0.03690344,-381.0
0.5988096,0.50294745,0.09586215,376.0
0.6868801,0.3535346,0.3333455,2012.0
0.7679608,0.6998541,0.06810671,550.0
0.70991445,0.702237,0.007677436,138.0
0.708705,0.5867482,0.121956825,1058.0
0.22601053,0.23788723,-0.011876702,-72.0
0.50106263,0.5224001,-0.02133745,-258.0
0.5680462,0.47929078,0.08875543,272.0
0.60478175,0.5744583,0.030323446,58.0
0.41036826,0.39476338,0.015604883,-41.0
0.36326894,0.30499467,0.05827427,300.0
0.7631852,0.7230775,0.040107727,324.0
0.4035592,0.45680514,-0.053245932,-377.0
0.2517777,0.23841916,0.013358548,24.0
0.69282925,0.6926683,0.00016093254,50.0
0.83018327,0.6328723,0.19731098,1412.0
0.77984226,0.75228983,0.027552426,198.0
0.27150252,0.31115863,-0.039656103,-317.0
0.6681143,0.7464861,-0.07837182,-644.0
0.20982906,0.20335023,0.006478831,3.0
0.3933327,0.58940315,-0.19607046,-1068.0
0.30219778,0.22990955,0.07228823,409.0
0.3103284,0.4156355,-0.1053071,-709.0
0.6505439,0.63179857,0.018745363,135.0
0.24156885,0.2794601,-0.037891254,-291.0
0.62238145,0.5653462,0.057035267,276.0
0.33275145,0.5793483,-0.24659687,-1365.0
0.19112164,0.18052986,0.010591775,20.0
0.32113844,0.32377914,-0.0026406944,-89.0
0.25268692,0.36361814,-0.11093122,-816.0
0.3329591,0.2659794,0.06697968,407.0
0.87387383,0.8741119,-0.00023806095,219.0
0.6825536,0.71408975,-0.031536162,-241.0
0.3586689,0.37717348,-0.01850459,-216.0
0.51366436,0.41045034,0.103214025,305.0
0.5552761,0.5058013,0.049474776,87.0
0.8958046,0.9063646,-0.010560036,202.0
0.6081914,0.57282865,0.03536272,100.0
0.6984282,0.6510759,0.047352314,495.0
0.8771897,0.70201147,0.17517823,953.0
0.4773001,0.3723568,0.104943305,369.0
0.75464076,0.5178232,0.23681754,1768.0
0.4003016,0.31420028,0.08610132,421.0
0.8420102,0.9517187,-0.10970849,-140.0
0.6854531,0.8702217,-0.18476856,-836.0
0.6474385,0.63877773,0.008660793,37.0
0.8210922,0.7063941,0.11469811,726.0
0.5930679,0.5665047,0.026563168,20.0
0.6921355,0.75706196,-0.064926445,-450.0
0.586185,0.54445326,0.041731715,88.0
0.2530673,0.21302211,0.0400452,137.0
0.6284131,0.5984745,0.029938579,116.0
0.6170012,0.59858567,0.01841551,13.0
0.68631953,0.53195226,0.15436727,1125.0
0.6408689,0.674932,-0.0340631,-348.0
0.7247875,0.7486025,-0.023815036,-94.0
0.7029683,0.7507226,-0.047754288,-300.0
0.67590165,0.6373643,0.038537323,354.0
0.79050434,0.7275646,0.06293976,424.0
0.6208465,0.5880828,0.03276372,125.0
0.61451733,0.5611571,0.053360224,226.0
0.89770347,0.9284076,-0.03070414,143.0
0.716746,0.84174603,-0.12500006,-446.0
0.7179342,0.88594025,-0.16800606,-534.0
0.3300491,0.26623848,0.06381062,379.0
0.70379853,0.60705173,0.0967468,878.0
0.62380046,0.63944507,-0.01564461,-209.0
0.52257305,0.7801357,-0.25756264,-1938.0
0.75423086,0.803722,-0.049491167,-105.0
0.43987915,0.3150137,0.12486544,590.0
0.5893851,0.6228626,-0.033477485,-359.0
0.39668834,0.38178685,0.014901489,-28.0
0.71608925,0.9522602,-0.23617095,-774.0
0.681746,0.71236086,-0.030614853,-244.0
0.83020914,0.96777827,-0.13756913,-266.0
0.24712285,0.28479436,-0.037671506,-313.0
0.6328334,0.67387843,-0.04104501,-423.0
0.13557476,0.2602554,-0.12468064,-317.0
0.54964423,0.6251633,-0.075519085,-625.0
0.59390193,0.5484312,0.045470715,123.0
0.74777865,0.7236385,0.02414018,244.0
0.55009425,0.40240455,0.1476897,541.0
0.6600046,0.6682019,-0.008197308,-72.0
0.67636013,0.6683294,0.008030713,111.0
0.71236056,0.5971451,0.11521548,1027.0
0.4051324,0.3718482,0.033284217,74.0
0.9021736,0.95310277,-0.05092919,42.0
0.70531315,0.7986513,-0.09333813,-462.0
0.28865325,0.24860717,0.04004608,226.0
0.43087864,0.5230838,-0.09220517,-553.0
0.5357548,0.723976,-0.18822122,-1558.0
0.589104,0.5410955,0.0480085,131.0
0.49669084,0.57871825,-0.082027406,-590.0
0.46938783,0.4028784,0.066509426,175.0
0.64585793,0.5366971,0.10916084,656.0
0.6346086,0.7112271,-0.07661849,-743.0
0.32290384,0.2992246,0.023679256,111.0
0.5880666,0.46770558,0.120361,445.0
0.69090456,0.619852,0.07105255,660.0
0.40187472,0.46129894,-0.05942422,-411.0
0.6693535,0.55891335,0.110440135,810.0
0.75028014,0.7539571,-0.003676951,47.0
0.64968956,0.5611774,0.08851218,574.0
0.64930934,0.84114295,-0.19183362,-1162.0
0.44323766,0.5245377,-0.08130002,-495.0
0.8066025,0.73284274,0.073759735,437.0
0.9402059,0.9657395,-0.025533617,59.0
0.387422,0.29343966,0.09398234,502.0
0.666299,0.6481332,0.018165767,173.0
0.8452149,0.9324329,-0.08721799,-37.0
0.52512425,0.34041452,0.18470973,776.0
0.32652214,0.24939363,0.077128515,468.0
0.4030919,0.4010671,0.0020247996,-97.0
0.37517613,0.37043133,0.004744798,-92.0
0.80004424,0.8745453,-0.07450104,-65.0
0.44702694,0.36266008,0.08436686,303.0
0.46176407,0.47511062,-0.013346553,-204.0
0.29491615,0.45576856,-0.1608524,-1012.0
0.21816202,0.29605928,-0.077897266,-477.0
0.67956525,0.62075853,0.058806717,539.0
0.83642095,0.95766217,-0.12124121,-190.0
0.53952205,0.52794987,0.011572182,-96.0
0.6805577,0.573648,0.10690975,839.0
0.8732351,0.95831656,-0.08508146,-65.0
0.6233376,0.748924,-0.12558639,-1133.0
0.6783902,0.69466203,-0.01627183,-125.0
0.62978274,0.7387313,-0.10894859,-1003.0
0.6449832,0.66517055,-0.020187378,-207.0
0.6725969,0.70164114,-0.02904427,-249.0
0.7552272,0.74400395,0.011223257,145.0
0.82886386,0.9058824,-0.07701856,-13.0
0.52004385,0.49550188,0.024541974,-41.0
0.5688041,0.6357163,-0.066912234,-599.0
0.5433794,0.5894301,-0.046050668,-423.0
0.51255935,0.32905906,0.18350029,774.0
0.665542,0.7218603,-0.056318283,-502.0
0.67104834,0.7615007,-0.09045237,-695.0
0.53906083,0.6371823,-0.098121464,-774.0
0.18666525,0.25017884,-0.06351359,-220.0
0.73986846,0.71196496,0.027903497,308.0
0.55652386,0.35568374,0.20084012,830.0
0.65690035,0.6633108,-0.0064104795,-59.0
0.6332453,0.54483646,0.08840883,483.0
0.65501255,0.73089164,-0.0758791,-680.0
0.6049297,0.68896824,-0.084038556,-812.0
0.4607686,0.42270902,0.038059592,22.0
0.7334299,0.694537,0.038892925,405.0
0.81305724,0.9374116,-0.12435436,-165.0
0.49983624,0.5329415,-0.033105284,-318.0
0.4518374,0.4034299,0.048407495,96.0
0.7602022,0.6412307,0.11897153,1040.0
0.8128421,0.9596558,-0.14681375,-281.0
0.83503884,0.964719,-0.12968016,-235.0
0.50491714,0.68467987,-0.17976272,-1343.0
0.8335345,0.9882346,-0.1547001,-351.0
0.5737337,0.46858317,0.10515052,343.0
0.7119914,0.61026007,0.10173136,942.0
0.75748706,0.7590199,-0.0015328526,60.0
0.30255276,0.31948742,-0.016934663,-184.0
0.29422033,0.3119207,-0.017700374,-181.0
0.26542336,0.28149894,-0.016075581,-161.0
0.74350405,0.7250108,0.018493235,218.0
0.37965932,0.29835257,0.081306756,430.0
0.31203598,0.34932342,-0.037287444,-314.0
0.6434424,0.6593055,-0.01586312,-173.0
0.738337,0.6851926,0.053144395,548.0
0.2760397,0.34305426,-0.067014575,-514.0
0.36084473,0.33113146,0.029713273,71.0
0.7603187,0.5782139,0.18210483,1463.0
0.9116142,0.933163,-0.021548808,170.0
0.29031703,0.23176318,0.058553845,327.0
0.62347484,0.51524156,0.10823327,544.0
0.43173075,0.42991388,0.0018168688,-137.0
0.59475994,0.60550016,-0.010740221,-198.0
0.7507677,0.7287799,0.021987796,229.0
0.73629785,0.5870459,0.14925194,1285.0
0.25366336,0.2685665,-0.014903128,-152.0
0.6120957,0.6576284,-0.045532703,-461.0
0.8215622,0.5976071,0.2239551,1626.0
0.63508964,0.6614723,-0.026382685,-273.0
0.30065396,0.20757629,0.093077675,475.0
0.367733,0.35765734,0.010075659,-60.0
0.8055115,0.7818519,0.023659587,174.0
0.8746103,0.9774695,-0.1028592,-153.0
0.6462829,0.6852036,-0.0389207,-374.0
0.71067196,0.66090894,0.049763024,538.0
0.60354203,0.65616775,-0.052625716,-527.0
0.25329173,0.3158111,-0.06251937,-493.0
0.7145517,0.68269986,0.031851828,379.0
0.7647972,0.7937035,-0.028906286,-33.0
0.57278186,0.8985269,-0.32574505,-1954.0
0.61293143,0.50277245,0.11015898,498.0
0.9087205,0.67261535,0.23610514,1309.0
0.7116051,0.770418,-0.058812916,-310.0
0.6437829,0.48807433,0.15570858,865.0
0.7615812,0.70550346,0.05607772,468.0
0.38011575,0.2887739,0.09134185,480.0
0.3770969,0.30184188,0.07525501,386.0
0.20573764,0.23896441,-0.033226773,-130.0
0.2588889,0.20252872,0.056360185,202.0
0.7525077,0.6830133,0.06949437,641.0
0.2887087,0.28807613,0.0006325543,-57.0
0.70543087,0.6657847,0.03964615,443.0
0.73949957,0.5991059,0.14039367,1230.0
0.74207646,0.8576847,-0.115608215,-291.0
0.27752483,0.21497308,0.06255175,316.0
0.52063984,0.4440023,0.07663754,175.0
0.7878313,0.9126335,-0.12480217,-202.0
0.6233247,0.71307796,-0.08975327,-863.0
0.7874821,0.6578919,0.12959015,1030.0
0.31244692,0.1668282,0.14561872,619.0
0.47583598,0.45714045,0.018695533,-78.0
0.4297187,0.44247907,-0.012760371,-208.0
0.7585738,0.6827075,0.07586628,672.0
0.38605157,0.41061887,-0.024567306,-247.0
0.82128376,0.8311349,-0.009851158,134.0
0.23667839,0.28595906,-0.049280673,-368.0
0.29937786,0.35836685,-0.05898899,-477.0
0.5825799,0.45961368,0.12296623,439.0
0.6538215,0.569245,0.08457655,575.0
0.8718222,0.8623928,0.009429395,238.0
0.31042764,0.29387552,0.01655212,63.0
0.67035407,0.51336133,0.15699273,1047.0
0.6926327,0.5779961,0.1146366,931.0
0.3626238,0.33865812,0.023965687,37.0
0.89560735,0.9566543,-0.061046958,3.0
0.622892,0.43502876,0.18786326,878.0
0.71992964,0.54209733,0.1778323,1415.0
0.44778568,0.47633922,-0.028553545,-265.0
0.54918385,0.64279056,-0.09360671,-760.0
0.27815348,0.30276823,-0.024614751,-197.0
0.56036717,0.66277695,-0.10240978,-866.0
0.8960001,0.93243253,-0.036432445,131.0
0.37855363,0.35463515,0.02391848,16.0
0.9109091,0.9465903,-0.035681188,104.0
0.28667915,0.36197665,-0.075297505,-571.0
0.74530876,0.7010638,0.044244945,424.0
0.7522195,0.7547759,-0.0025563836,53.0
0.8581283,0.9789755,-0.120847166,-223.0
0.6769059,0.5960079,0.08089799,667.0
0.5598774,0.89859426,-0.33871686,-2029.0
0.32424307,0.21352151,0.11072156,615.0
0.6672566,0.71627676,-0.04902017,-433.0
0.5558384,0.44710276,0.10873565,338.0
0.3358497,0.29070294,0.045146763,236.0
0.38797045,0.36595252,0.022017926,13.0
0.18395174,0.25320396,-0.06925222,-242.0
0.78295,0.49595824,0.28699175,1992.0
0.26459715,0.28140813,-0.016810983,-167.0
0.651685,0.54476583,0.10691917,680.0
0.81527656,0.95127517,-0.1359986,-228.0
0.72622365,0.7309465,-0.0047228336,40.0
0.7173028,0.58110386,0.13619894,1172.0
0.331479,0.5594754,-0.22799641,-1242.0
0.69836944,0.6509097,0.04745972,501.0
0.6840828,0.66021353,0.023869276,263.0
0.7405183,0.7445911,-0.004072845,70.0
0.58739966,0.71867204,-0.13127238,-1216.0
0.71877384,0.64090276,0.077871084,777.0
0.5091344,0.4510004,0.05813402,77.0
0.24017422,0.24013425,3.9964914e-05,-40.0
0.8923303,0.9601884,-0.0678581,-16.0
0.63059574,0.5615544,0.06904137,368.0
0.45469862,0.8286271,-0.3739285,-2343.0
0.96955943,0.918772,0.05078745,295.0
0.6790609,0.6249281,0.05413276,495.0
0.27992514,0.27956104,0.00036409497,-43.0
0.77855384,0.59377486,0.18477899,1462.0
0.7041503,0.7406608,-0.036510468,-216.0
0.34582812,0.40107453,-0.055246413,-413.0
0.6755586,0.70872307,-0.03316444,-277.0
0.36150426,0.2673617,0.094142556,542.0
0.2165879,0.22639216,-0.009804264,-44.0
0.870315,0.33363193,0.5366831,3160.0
0.94903797,0.91672397,0.032314003,287.0
0.7786894,0.70023423,0.07845515,598.0
0.7367056,0.9606988,-0.22399318,-658.0
0.31155595,0.3114484,0.00010755658,-47.0
0.711495,0.7460226,-0.0345276,-181.0
0.72696227,0.616496,0.11046624,1020.0
0.8982549,0.8318305,0.06642437,377.0
0.4511195,0.46238214,-0.011262625,-205.0
0.4038766,0.40277967,0.0010969341,-101.0
0.7140487,0.85180926,-0.13776058,-497.0
0.34424746,0.32423452,0.020012945,43.0
0.9119415,0.94283813,-0.030896604,128.0
0.7255765,0.935239,-0.2096625,-615.0
0.5767791,0.51329136,0.06348777,182.0
0.6908455,0.72883034,-0.037984848,-274.0
0.86819905,0.9429052,-0.07470614,0.0
0.486674,0.4075927,0.0790813,210.0
0.6454832,0.6753833,-0.029900134,-304.0
0.25928348,0.20077795,0.058505535,213.0
0.44141728,0.426985,0.014432281,-73.0
0.867026,0.9178213,-0.050795317,85.0
0.44552857,0.36498004,0.080548525,285.0
0.3406025,0.23275773,0.107844755,638.0
0.31865823,0.29757896,0.021079272,102.0
0.6914653,0.54776037,0.14370495,1100.0
0.51492614,0.40327752,0.11164862,357.0
0.84930426,0.9428044,-0.09350014,-64.0
0.93171483,0.89298004,0.038734794,320.0
0.6461502,0.5222402,0.12390995,734.0
0.56926304,0.8319291,-0.26266605,-1823.0
0.3866374,0.45582095,-0.06918356,-464.0
0.25525752,0.26062065,-0.0053631365,-85.0
1.0000001,0.94431025,0.05568987,229.0
0.8467231,0.8800639,-0.03334081,107.0
0.8723254,0.8990136,-0.026688159,152.0
0.36608678,0.35117373,0.014913052,-17.0
0.2756342,0.43800247,-0.16236827,-1052.0
0.45697376,0.5269293,-0.06995556,-446.0
0.73507327,0.8517308,-0.116657555,-324.0
0.31548604,0.26730072,0.04818532,286.0
0.2678201,0.23952824,0.028291851,137.0
0.6115477,0.6403179,-0.028770208,-330.0
0.7229067,0.7602389,-0.037332177,-168.0
0.99999994,0.5004201,0.49957985,2526.5
0.57105803,0.46693236,0.10412568,332.0
0.8555982,0.9357023,-0.08010411,-8.0
0.75234103,0.7414583,0.010882735,149.0
0.34734052,0.36383748,-0.016496956,-197.0
0.66825294,0.32601517,0.34223777,1989.0
0.85193604,0.8861247,-0.03418863,108.0
0.44301614,0.3788726,0.06414354,194.0
0.6820496,0.7572844,-0.07523483,-562.0
0.30924043,0.31998459,-0.010744154,-141.0
0.4140727,0.41894776,-0.004875064,-160.0
0.63052344,0.7741633,-0.14363986,-1193.0
0.64232326,0.7572781,-0.11495483,-997.0
0.574748,0.65780973,-0.083061755,-742.0
0.70302004,0.35994956,0.34307048,2135.0
0.6559275,0.6256374,0.030290067,230.0
0.62398446,0.7330407,-0.109056234,-1024.0
0.23155144,0.19917513,0.032376304,69.0
0.9840472,0.92286223,0.061184943,296.0
0.6320441,0.6383797,-0.006335616,-127.0
0.33262113,0.23681384,0.095807284,574.0
0.58020854,0.71021235,-0.13000381,-1194.0
0.68945163,0.7379963,-0.048544645,-359.0
0.4748247,0.3082536,0.16657111,798.0
0.6420838,0.63408685,0.007996976,17.0
0.711742,0.96404743,-0.25230545,-880.0
0.7143033,0.80316544,-0.08886212,-381.0
0.5417179,0.5892248,-0.04750693,-425.0
0.6765541,0.73405963,-0.057505548,-474.0
0.8110496,0.84807265,-0.037023067,51.0
0.3916892,0.28367344,0.108015776,593.0
0.54710275,0.6247153,-0.07761258,-632.0
0.6238707,0.63414675,-0.010276079,-159.0
0.6695303,0.6739023,-0.0043720007,-22.0
0.7470007,0.8367932,-0.08979249,-221.0
0.7793966,0.71506166,0.06433493,474.0
0.89281356,0.9829829,-0.09016931,-139.0
0.64510185,0.6813782,-0.03627634,-353.0
0.7479353,0.9406798,-0.1927445,-479.0
0.17579767,0.19891064,-0.023112968,-32.0
0.8090739,0.9235349,-0.114461005,-144.0
0.58681947,0.59354794,-0.0067284703,-187.0
0.23205578,0.29105946,-0.05900368,-412.0
0.8192688,0.9614718,-0.14220297,-265.0
0.72870183,0.68463117,0.04407066,479.0
0.30192387,0.3029025,-0.0009786189,-53.0
0.65069795,0.89186466,-0.24116671,-1261.0
0.52490425,0.52869236,-0.0037881136,-166.0
0.8247049,0.9363274,-0.11162251,-114.0
0.54273945,0.5860904,-0.043350935,-398.0
0.68287885,0.6879813,-0.0051024556,-8.0
0.90345705,0.92637074,-0.022913694,163.0
0.7960767,0.85716337,-0.061086655,-36.0
0.5107082,0.6092551,-0.09854686,-714.0
0.42321452,0.37459162,0.048622906,137.0
0.26999152,0.26465982,0.005331695,-2.0
0.7914574,0.5405508,0.2509066,1820.0
0.7467711,0.70678014,0.03999096,383.0
0.3304232,0.28083843,0.049584776,271.0
0.5650893,0.67499673,-0.10990745,-959.0
0.49455863,0.63364244,-0.1390838,-960.0
0.4499417,0.5415947,-0.09165299,-553.0
0.42704272,0.35252386,0.07451886,284.0
0.6637618,0.7014913,-0.0377295,-353.0
0.66749775,0.6801299,-0.012632132,-95.0
0.63188154,0.5701837,0.06169784,336.0
0.6588119,0.63589895,0.02291298,175.0
0.71495575,0.5980174,0.11693835,1045.0
0.8149795,0.7641178,0.050861716,294.0
0.5985153,0.6671317,-0.06861645,-656.0
0.7145206,0.7741432,-0.059622645,-298.0
0.30875823,0.32128185,-0.012523621,-154.0
0.22796738,0.19171314,0.036254242,76.0
0.5265312,0.44849104,0.07804018,186.0
0.6075536,0.76485497,-0.15730137,-1362.0
0.6645448,0.7748382,-0.11029339,-833.0
0.33517414,0.46078658,-0.12561244,-774.0
0.6564426,0.46682355,0.18961903,1078.0
0.45427045,0.4636522,-0.009381741,-199.0
0.65626186,0.6707472,-0.014485359,-142.0
0.67508614,0.7069186,-0.031832457,-268.0
0.3774505,0.38697538,-0.009524882,-177.0
0.4893201,0.61118287,-0.12186277,-822.0
0.6865405,0.6987979,-0.012257397,-69.0
0.35497582,0.14594209,0.20903373,870.0
0.74051505,0.8204125,-0.07989746,-207.0
0.23136362,0.27564773,-0.044284105,-305.0
0.31626543,0.36500737,-0.048741937,-389.0
0.9455805,0.860995,0.08458549,416.0
0.30307075,0.24979451,0.05327624,312.0
0.7776979,0.6415794,0.13611853,1120.0
0.23622066,0.23589765,0.00032301247,-30.0
0.6360955,0.5745811,0.061514437,350.0
0.67888105,0.7312998,-0.05241877,-422.0
0.89158905,0.96245295,-0.0708639,-35.0
0.6325249,0.40757218,0.22495273,1120.0
0.6642198,0.6665596,-0.0023397803,-10.0
0.62510407,0.67798907,-0.052884996,-526.0
0.22160597,0.23496269,-0.013356715,-69.0
0.52676904,0.6580112,-0.13124216,-998.0
0.5450134,0.4937408,0.05127263,86.0
0.6444675,0.6137328,0.030734658,188.0
0.6096503,0.5662156,0.04343474,158.0
0.79046637,0.5828651,0.20760125,1572.0
0.69736284,0.65387374,0.0434891,467.0
0.58471185,0.76736784,-0.18265599,-1552.0
0.7300003,0.6714984,0.0585019,590.0
0.8229089,0.5150775,0.3078314,2089.0
0.27078325,0.21834326,0.052439988,245.0
0.30678445,0.36458766,-0.057803214,-455.0
0.94855416,0.8681684,0.080385745,402.0
0.5517793,0.60229665,-0.05051732,-456.0
0.26106793,0.21228386,0.048784062,194.0
0.5405984,0.710036,-0.16943759,-1409.0
0.43586618,0.45858744,-0.02272126,-249.0
0.3092528,0.29243153,0.016821265,61.0
0.80787206,0.8672284,-0.05935633,-6.0
0.54045475,0.555914,-0.0154592395,-236.0
0.38533166,0.31131667,0.07401499,376.0
0.5437723,0.6227982,-0.079025924,-637.0
0.68898547,0.68625176,0.0027337074,73.0
0.47083843,0.43406612,0.03677231,7.0
0.6594177,0.6431411,0.016276598,133.0
0.7378994,0.77600527,-0.038105845,-116.0
0.23234199,0.28584838,-0.05350639,-382.0
0.51951337,0.57683307,-0.0573197,-470.0
0.41010702,0.43748698,-0.02737996,-264.0
0.61151683,0.54552114,0.06599569,274.0
0.634216,0.48049363,0.15372238,789.0
0.6425419,0.60877585,0.03376603,203.0
0.79137707,0.9403376,-0.14896053,-275.0
0.29410812,0.30906495,-0.014956832,-158.0
0.56200004,0.6949568,-0.13295674,-1165.0
0.27401197,0.23278363,0.04122834,207.0
0.873358,0.97274685,-0.09938884,-140.0
0.19645673,0.20924097,-0.012784243,-25.0
0.46565312,0.28893468,0.17671844,877.0
0.6590736,0.5926769,0.06639671,484.0
0.46375126,0.41896358,0.044787675,57.0
0.30636528,0.25876054,0.04760474,274.0
0.6292248,0.5707685,0.0584563,300.0
0.2905189,0.38270777,-0.092188865,-667.0
0.83459026,0.9168207,-0.08223045,-24.0
0.47559342,0.48934802,-0.013754606,-200.0
0.6281874,0.7199519,-0.09176451,-893.0
0.58425087,0.6551912,-0.070940316,-656.0
0.5815886,0.47320127,0.10838735,376.0
0.86771715,0.9075831,-0.03986597,118.0
0.8871506,0.90612125,-0.018970668,179.0
0.31125998,0.31644332,-0.005183339,-98.0
0.6893274,0.5145109,0.17481649,1245.0
0.35157028,0.34741747,0.0041528046,-77.0
0.16469157,0.26199073,-0.09729916,-318.0
0.6316735,0.6460047,-0.014331162,-185.0
0.32829514,0.33903337,-0.010738224,-160.0
0.31557518,0.27856785,0.03700733,201.0
0.9193422,0.8946,0.024742246,291.0
0.70557433,0.71015745,-0.0045831203,32.0
0.8058488,0.9656267,-0.15977794,-356.0
0.7264425,0.69811666,0.028325856,318.0
0.68960035,0.76604396,-0.07644361,-524.0
0.6763219,0.4206409,0.25568104,1514.0
0.55259717,0.6710761,-0.118478954,-986.0
0.20656668,0.37697443,-0.17040776,-1045.0
0.3718567,0.3036125,0.06824419,360.0
0.9543772,0.9835881,-0.029210925,-19.0
0.5591208,0.5143626,0.0447582,74.0
0.66162926,0.6358491,0.025780141,211.0
0.16746001,0.23876244,-0.07130243,-177.0
0.36022907,0.38284263,-0.022613555,-249.0
0.31732446,0.29098317,0.02634129,127.0
0.7012415,0.5422204,0.15902108,1228.0
0.25207153,0.21958381,0.03248772,106.0
0.5373084,0.4858253,0.051483095,83.0
0.5797057,0.666346,-0.0866403,-784.0
0.8972998,0.9281624,-0.03086257,144.0
0.98149115,0.8349689,0.14652222,497.0
0.67823136,0.5988554,0.07937598,652.0
0.6362595,0.5225912,0.11366832,627.0
0.2974067,0.36887243,-0.07146573,-543.0
0.5560753,0.70278984,-0.14671457,-1266.0
0.36828747,0.4518433,-0.08355582,-547.0
0.64025223,0.6697935,-0.029541254,-309.0
0.7489065,0.8891054,-0.14019889,-327.0
0.40566686,0.3929638,0.012703061,-47.0
0.712572,0.758789,-0.046217024,-246.0
0.30259463,0.25825647,0.044338167,254.0
0.70356214,0.5841472,0.119414926,1018.0
0.6063837,0.6037724,0.0026112795,-108.0
0.30808303,0.26606378,0.042019248,247.0
0.6939168,0.7051756,-0.011258781,-59.5
0.4849836,0.4415753,0.043408304,19.0
0.63758534,0.72934943,-0.09176409,-845.0
0.23762307,0.27957925,-0.041956186,-314.0
0.6144041,0.5629052,0.05149889,213.0
0.7018493,0.6527771,0.049072206,514.0
0.57311636,0.7172528,-0.14413643,-1298.0
0.19008374,0.26233348,-0.07224974,-285.0
0.6889897,0.70608705,-0.017097354,-114.0
0.37691188,0.26284736,0.114064515,654.0
0.55790603,0.6509167,-0.093010664,-779.0
0.16368411,0.22990236,-0.06621824,-134.0
0.49918866,0.55545473,-0.05626607,-433.0
0.3926406,0.4138862,-0.021245599,-226.0
0.38768092,0.37302274,0.014658183,-24.0
0.18387811,0.21999194,-0.03611383,-76.0
0.34991366,0.40483946,-0.0549258,-409.0
0.94372714,0.9664315,-0.022704363,59.0
0.4890448,0.38785034,0.10119444,308.0
0.22754395,0.27548847,-0.047944516,-309.0
0.6535567,0.591239,0.06231773,434.0
0.9038005,0.9487822,-0.044981718,72.0
0.7469528,0.72134435,0.02560842,256.0
0.72127503,0.6429774,0.078297615,784.0
0.567317,0.2697237,0.2975933,1491.0
0.7121621,0.5526063,0.1595558,1293.0
0.6054848,0.58421785,0.021266937,8.0
0.40294856,0.41230527,-0.009356707,-165.0
0.7330983,0.8299531,-0.09685475,-292.0
0.73082155,0.74819446,-0.017372906,-41.0
0.19682541,0.22689168,-0.030066267,-78.0
0.60829014,0.79214066,-0.18385053,-1448.0
0.81904346,0.9299229,-0.11087942,-113.0
0.34427088,0.27271953,0.07155135,412.0
0.53819716,0.6983062,-0.16010904,-1319.0
0.7772939,0.82131296,-0.044019043,-36.0
0.61875784,0.661602,-0.042844176,-437.0
0.85881925,0.8433261,0.0154931545,233.0
0.66050893,0.661188,-0.0006790757,-4.0
0.67153597,0.63358754,0.03794843,344.0
0.9698546,0.9580345,0.011820078,126.0
0.7395483,0.71485883,0.024689496,280.0
0.41574928,0.53213257,-0.116383284,-656.0
0.6643926,0.7170604,-0.052667797,-483.0
0.6013127,0.47674266,0.12457004,508.0
0.34215492,0.15801898,0.18413594,794.0
0.19341311,0.27381355,-0.08040044,-364.0
0.6788379,0.670047,0.00879091,116.0
0.5158148,0.30382457,0.2119902,1006.0
0.27425727,0.27036908,0.0038881898,-23.0
0.6636607,0.7139673,-0.05030662,-455.0
0.7628032,0.728823,0.03398019,291.0
0.69255555,0.8419613,-0.14940578,-700.0
0.69708145,0.6111319,0.08594954,782.0
0.6392782,0.6593142,-0.020036042,-214.0
0.85870904,0.8415613,0.01714772,239.0
0.37860715,0.39330435,-0.014697194,-207.0
0.5027001,0.58508307,-0.08238298,-585.0
0.9041671,0.8492723,0.054894805,355.0
0.27101862,0.2915912,-0.020572573,-197.0
0.72678554,0.68098545,0.04580009,490.0
0.61971873,0.45711136,0.16260737,744.0
0.99162614,0.9862995,0.0053266287,0.0
0.3241275,0.3967857,-0.07265821,-521.0
0.3253911,0.5878333,-0.26244217,-1448.0
0.659761,0.6480251,0.011735916,95.0
0.6247505,0.5970173,0.027733207,100.0
0.4968037,0.3594235,0.13738021,508.0
0.61012495,0.69347626,-0.083351314,-810.0
0.40658972,0.28760192,0.1189878,635.0
0.2907864,0.2542263,0.03656009,199.0
0.5945762,0.5884699,0.0061062574,-93.0
0.30407554,0.31952602,-0.015450478,-174.0
0.4426131,0.34393936,0.09867373,406.0
0.3159402,0.28924075,0.026699454,122.0
0.554926,0.5546896,0.00023639202,-152.0
0.5148694,0.6069559,-0.092086494,-670.0
0.4262395,0.41532552,0.010913968,-81.0
0.51635885,0.44677913,0.06957972,142.0
0.6646845,0.78056014,-0.11587566,-854.0
0.62996376,0.6892107,-0.059246957,-586.0
0.27556103,0.17575437,0.09980667,360.0
0.86583054,0.82616884,0.039661705,299.0
0.35180405,0.39141387,-0.03960982,-336.0
0.67831314,0.92840016,-0.25008702,-1057.0
0.5855262,0.51965314,0.06587309,210.0
0.9116388,0.964116,-0.05247718,7.0
0.6357383,0.5613226,0.074415684,425.0
0.6922836,0.5959785,0.09630507,827.0
0.659813,0.6977232,-0.037910223,-354.0
0.2780405,0.2174384,0.0606021,311.0
0.64461356,0.6714078,-0.026794255,-278.0
0.7480996,0.72267145,0.025428176,253.0
0.5645275,0.6799122,-0.1153847,-1001.0
0.5712291,0.5436837,0.027545393,-3.0
0.32091576,0.2877286,0.03318715,158.0
0.59248054,0.6133152,-0.020834684,-280.0
0.36465973,0.2980486,0.06661114,358.0
0.26089507,0.22691783,0.03397724,144.0
0.6614923,0.8288485,-0.1673562,-1006.0
0.41535383,0.34903145,0.066322386,249.0
0.24817482,0.31468973,-0.06651491,-510.0
0.6538715,0.7667158,-0.11284435,-919.0
0.6685473,0.9798671,-0.31131983,-1419.0
0.651544,0.56816566,0.083378315,555.0
0.4382523,0.5961359,-0.15788361,-920.0
0.6316524,0.6512732,-0.019620776,-233.0
0.34063324,0.40071824,-0.060085,-439.0
0.44848746,0.43177027,0.016717196,-68.0
0.3468227,0.33647698,0.010345727,-32.0
0.86703897,0.9717535,-0.10471451,-159.0
0.4582368,0.43819457,0.02004224,-60.0
0.7325735,0.7477094,-0.015135884,-22.0
0.30789652,0.32214212,-0.0142455995,-167.0
0.519784,0.6206738,-0.1008898,-729.0
0.6984965,0.69041044,0.008086085,140.0
0.31548852,0.22701116,0.08847736,518.0
0.26986417,0.2771826,-0.007318437,-98.0
0.5820021,0.64745694,-0.06545484,-612.0
0.65020835,0.65571094,-0.0055025816,-70.0
0.486104,0.43351737,0.052586645,62.0
0.6594781,0.61628395,0.043194175,334.0
0.9006941,0.9538437,-0.05314964,34.0
0.90950316,0.8068674,0.10263574,464.0
0.727174,0.71560884,0.011565149,171.0
0.32132965,0.48369992,-0.16237026,-940.0
0.77926517,0.633209,0.14605618,1197.0
0.65254444,0.58325607,0.06928837,469.0
0.8595307,0.94004387,-0.08051318,-11.0
0.4044535,0.4511625,-0.046709,-347.0
0.57119733,0.65591866,-0.08472133,-749.0
0.85425615,0.8605871,-0.006330967,178.0
0.64484173,0.65855986,-0.013718128,-149.0
0.36414737,0.34068432,0.02346304,41.0
0.69270426,0.5288085,0.16389579,1209.0
0.83341885,0.7897457,0.043673158,269.0
0.6637269,0.79951435,-0.13578743,-919.0
0.52390194,0.6686275,-0.14472556,-1108.0
0.51808506,0.48184064,0.036244422,5.0
0.7247636,0.7421812,-0.01741761,-43.0
0.6626078,0.7343405,-0.0717327,-638.0
0.7137648,0.58831394,0.12545085,1099.0
0.58861834,0.55893224,0.029686093,39.0
0.90095985,0.95029026,-0.049330413,57.0
0.37480628,0.5227814,-0.14797509,-829.0
0.6522292,0.7475142,-0.095285,-831.0
0.92170495,0.9020213,0.01968366,281.0
0.2637857,0.28622073,-0.02243504,-215.0
0.56983733,0.5258982,0.043939114,73.0
0.2516408,0.2399103,0.011730492,15.0
0.552381,0.51386577,0.03851521,44.0
0.21486297,0.28275964,-0.067896664,-404.0
0.7848388,0.7647189,0.020119905,157.0
0.5997046,0.5937937,0.005910933,-96.0
0.7365,0.8314047,-0.09490466,-274.0
0.5841034,0.58961993,-0.005516529,-185.0
0.5032017,0.47993603,0.02326569,-55.0
0.6857812,0.6672775,0.018503666,220.0
0.65310645,0.74999964,-0.09689319,-839.0
0.32069853,0.30387345,0.01682508,69.0
0.35541415,0.2980895,0.057324648,301.0
0.607987,0.6579103,-0.0499233,-499.0
0.34119394,0.36507654,-0.023882598,-245.0
0.8776329,0.9192447,-0.04161179,115.0
0.7792067,0.71726644,0.061940253,445.0
0.17040804,0.24179216,-0.07138412,-181.0
0.45340097,0.59832346,-0.1449225,-873.0
0.64404094,0.684665,-0.040624082,-392.0
0.60777754,0.55012435,0.05765319,220.0
0.5718349,0.6798053,-0.10797036,-952.0
0.27310175,0.2843123,-0.011210561,-139.0
0.91122806,0.9724283,-0.06120026,-34.0
0.30938742,0.30346805,0.005919367,3.0
0.66275537,0.61074686,0.05200851,404.0
0.22610776,0.30157527,-0.07546751,-486.0
0.73847616,0.9368549,-0.19837874,-509.0
0.64141065,0.5681127,0.07329798,443.0
0.6025808,0.65434927,-0.05176848,-517.0
0.5855528,0.6935965,-0.10804367,-1001.0
0.70132875,0.6448515,0.05647725,573.0
0.67394656,0.5709678,0.102978766,784.0
0.6935188,0.6864917,0.0070270896,116.0
0.3235042,0.33401784,-0.0105136335,-155.0
0.23483266,0.36016953,-0.12533687,-885.0
0.27277863,0.25941214,0.013366491,48.0
0.76683646,0.6758772,0.09095925,765.0
0.8538948,0.90794235,-0.054047525,66.0
0.23277667,0.25419042,-0.021413743,-152.0
0.6175523,0.5702343,0.04731798,201.0
0.71090835,0.7451685,-0.034260154,-181.0
0.6552535,0.6193064,0.035947144,282.0
0.6644266,0.6283607,0.036065936,295.0
0.7152588,0.78149104,-0.066232264,-318.0
0.62634456,0.7178864,-0.09154183,-893.0
0.6158415,0.7419101,-0.12606859,-1152.0
0.7281463,0.7109912,0.01715511,221.0
0.5988214,0.71742195,-0.11860055,-1125.0
0.31735083,0.2624439,0.054906934,333.0
0.6947751,0.767449,-0.07267392,-487.0
0.5515477,0.494213,0.05733469,123.0
0.30128163,0.21968769,0.081593946,443.0
0.6610944,0.73778164,-0.07668722,-667.0
0.6058109,0.63151664,-0.025705755,-293.0
0.9236168,0.9590788,-0.035461962,70.0
0.62878966,0.69440925,-0.06561959,-657.0
0.6108811,0.36767456,0.24320653,1129.0
0.6695409,0.6422257,0.0273152,264.0
0.29810184,0.32189545,-0.023793608,-232.0
0.52248454,0.48186103,0.040623516,29.0
0.27308476,0.35425186,-0.0811671,-615.0
0.31322336,0.27514008,0.038083285,219.0
0.40424657,0.48982888,-0.085582316,-502.0
0.9156774,0.95395297,-0.03827554,78.0
0.4691295,0.3776728,0.09145671,310.0
0.59332436,0.66283804,-0.06951368,-657.0
0.5395749,0.668144,-0.12856907,-1026.0
0.54602313,0.3169206,0.22910252,1036.0
0.6731846,0.6923061,-0.019121528,-151.0
0.2272743,0.32479215,-0.09751785,-662.0
0.6544931,0.73222053,-0.07772744,-703.0
0.68491477,0.7314275,-0.046512723,-363.0
0.69879764,0.6071502,0.091647446,830.0
0.7150158,0.635198,0.07981783,789.0
0.9665995,0.89014995,0.07644957,365.0
0.64321005,0.69403744,-0.050827384,-503.0
0.26631117,0.3167109,-0.05039972,-405.0
0.64849025,0.7733121,-0.12482184,-1000.0
0.6764959,0.6296548,0.046841085,429.0
0.39264473,0.34946457,0.043180168,143.0
0.8620405,0.91321963,-0.05117911,84.0
0.69987196,0.53419167,0.16568029,1253.0
0.3525762,0.38624808,-0.033671886,-302.0
0.73781455,0.76755995,-0.0297454,-89.0
0.6550257,0.7007758,-0.04575008,-432.0
0.6442684,0.58755416,0.056714237,358.0
0.21671483,0.2778324,-0.06111756,-359.0
0.7549794,0.57701606,0.17796332,1443.0
0.48622188,0.4339429,0.052278966,60.0
0.7148702,0.37359637,0.34127384,2179.0
0.3922692,0.42015234,-0.027883142,-265.0
0.274708,0.24476366,0.029944345,157.0
0.47274128,0.3140841,0.15865716,735.0
0.5814695,0.5611007,0.020368755,-34.0
0.8565995,0.8279679,0.028631628,265.0
0.8274007,0.951961,-0.1245603,-184.0
0.62047356,0.7002415,-0.07976794,-783.0
0.9201686,0.9369251,-0.016756535,176.0
0.66487616,0.7188099,-0.05393374,-489.0
0.5127175,0.5693259,-0.05660844,-452.0
0.8097951,0.9166196,-0.10682452,-119.0
0.29975808,0.31993175,-0.020173669,-210.0
0.6115558,0.686225,-0.07466918,-730.0
0.6462633,0.671325,-0.025061727,-259.0
0.87122905,0.91818625,-0.046957195,101.0
0.7005692,0.75509155,-0.054522336,-356.0
0.4635465,0.36966473,0.093881786,332.0
0.33727932,0.32439327,0.012886047,0.0
0.37263453,0.41199028,-0.039355755,-332.0
0.7083037,0.69312716,0.015176535,207.0
0.6524389,0.5870021,0.06543678,450.0
0.6591883,0.6390372,0.020151079,154.0
0.8125144,0.6941958,0.11831862,799.0
0.7324706,0.77639884,-0.043928266,-166.0
0.86454296,0.600688,0.26385498,1747.0
0.6416581,0.649535,-0.007876873,-113.0
0.7372482,0.7518573,-0.014609098,-15.0
0.90897226,0.9025905,0.00638175,242.0
0.38638398,0.41910002,-0.032716036,-296.0
0.33417198,0.2815476,0.052624375,286.0
0.38247404,0.32576692,0.056707114,236.0
0.5876317,0.7250283,-0.13739657,-1260.0
0.55193657,0.37194526,0.1799913,717.0
0.31492496,0.3137633,0.0011616647,-48.0
0.2984677,0.42939064,-0.13092294,-861.0
0.7285905,0.81087697,-0.08228648,-286.0
0.266484,0.4331423,-0.16665831,-1096.0
0.62333906,0.6993652,-0.07602614,-741.0
0.8655641,0.96536076,-0.09979665,-132.0
0.3509337,0.24624291,0.10469079,627.0
0.3248611,0.30882034,0.016040772,55.0
0.84825516,0.82465667,0.023598492,240.0
0.50149727,0.7178413,-0.21634406,-1672.0
0.5558092,0.40990588,0.14590332,528.0
0.41840762,0.6770565,-0.25864887,-1630.0
0.30841917,0.24181435,0.06660482,398.0
0.44681787,0.47008717,-0.023269296,-250.0
0.36377484,0.46035463,-0.09657979,-614.0
0.31168613,0.33317482,-0.021488696,-218.0
0.19314995,0.30750078,-0.114350826,-592.0
0.51531816,0.19788489,0.31743327,1560.0
0.5941812,0.700768,-0.106586814,-1006.0
0.30302188,0.31821102,-0.015189141,-174.0
0.6552765,0.8299063,-0.17462981,-1069.0
0.83936256,0.9634489,-0.12408632,-214.0
0.6212538,0.5449523,0.076301515,370.0
0.28154886,0.30333042,-0.021781564,-183.0
0.6166814,0.70965487,-0.09297347,-898.0
0.39228982,0.40848094,-0.016191125,-191.0
0.7144129,0.68513775,0.029275179,354.0
0.71927774,0.67365825,0.045619488,494.0
0.6724874,0.6852129,-0.012725532,-91.0
0.6709593,0.64926666,0.021692634,214.0
0.3482839,0.36027598,-0.011992097,-178.0
0.2621527,0.18546996,0.07668275,248.0
0.882777,0.9317642,-0.04898721,96.0
0.39299017,0.50307626,-0.11008608,-619.0
0.6261239,0.74799204,-0.12186813,-1108.0
0.65697646,0.6112405,0.045735955,339.0
0.67716604,0.7547189,-0.077552855,-596.0
0.67938316,0.6929198,-0.013536632,-92.0
0.6042571,0.8923821,-0.28812498,-1715.0
0.72117865,0.7304045,-0.009225845,13.0
0.34374115,0.35989046,-0.016149312,-204.0
0.3737115,0.19796802,0.17574348,921.0
0.62291425,0.6705903,-0.047676027,-481.0
0.59047383,0.3656232,0.22485062,984.0
0.48075628,0.43903673,0.041719556,15.0
0.62970436,0.7234581,-0.093753755,-897.0
0.6725793,0.5400226,0.13255668,933.0
0.15062007,0.12306045,0.027559623,4.0
0.8099369,0.8643832,-0.05444634,6.0
0.38555148,0.35631046,0.029241025,51.0
0.47220045,0.3097284,0.16247204,772.0
0.71957695,0.79634887,-0.076771915,-320.0
0.2784958,0.26869598,0.009799808,33.0
0.36900532,0.39009833,-0.02109301,-236.0
0.54076695,0.63460475,-0.0938378,-740.0
0.7084877,0.8034721,-0.09498441,-438.0
0.43987143,0.45093745,-0.01106602,-198.0
0.40459242,0.31421283,0.090379596,449.0
0.75608367,0.8560437,-0.09996003,-218.0
0.46885383,0.44695562,0.02189821,-57.0
0.5184482,0.57065946,-0.052211285,-427.0
0.7338365,0.7763939,-0.04255742,-153.0
0.68482226,0.6224098,0.06241244,574.0
0.69878435,0.68992287,0.008861482,145.0
0.68653786,0.68047345,0.006064415,105.0
0.25256297,0.38684756,-0.13428459,-950.0
0.6848492,0.5604308,0.12441838,961.0
0.6403453,0.760392,-0.120046735,-1030.0
0.2640278,0.26105484,0.0029729605,-22.0
0.55229676,0.35754883,0.19474792,795.0
0.89566725,0.9391146,-0.043447316,101.0
0.29432252,0.32145065,-0.02712813,-260.0
0.54020786,0.64555067,-0.105342805,-833.0
0.25563085,0.3097485,-0.05411765,-425.0
0.24890842,0.3588697,-0.109961286,-814.0
0.84566826,0.95745873,-0.11179048,-163.0
0.32022166,0.26721805,0.05300361,316.0
0.6971429,0.59242946,0.10471344,909.0
0.6563579,0.717838,-0.061480105,-573.0
0.2812987,0.3449434,-0.06364471,-498.0
0.5662414,0.4274222,0.13881919,491.0
0.25628406,0.2367277,0.019556358,65.0
0.6992383,0.730653,-0.031414688,-195.0
0.35421437,0.50806195,-0.15384758,-864.0
0.2667768,0.3544922,-0.08771539,-656.0
0.45556974,0.47333997,-0.01777023,-224.0
0.39012536,0.34505734,0.045068026,156.0
0.5770789,0.54876006,0.028318822,5.0
0.55009466,0.4958528,0.054241866,105.0
0.7084413,0.70081496,0.0076263547,137.0
0.6834975,0.75542945,-0.07193196,-539.0
0.38642642,0.3543074,0.032119006,76.0
0.6380141,0.606693,0.03132105,180.0
0.2995534,0.30005527,-0.0005018711,-56.0
0.7114119,0.8826688,-0.1712569,-585.0
0.7279682,0.6670766,0.06089163,634.0
0.42735076,0.32005104,0.107299715,497.0
0.8605516,0.96748155,-0.10692996,-158.0
0.6976816,0.7525699,-0.054888308,-370.0
0.26903433,0.4102386,-0.14120427,-957.0
0.56850255,0.5401021,0.028400421,-3.0
0.7380523,0.649954,0.08809829,856.0
0.4695187,0.4372936,0.032225102,-8.0
0.9355247,0.96488,-0.029355288,54.0
0.87091774,0.96214634,-0.091228604,-95.0
0.3607468,0.30676278,0.053984016,265.0
0.6615181,0.6781101,-0.016592026,-147.0
0.29777554,0.37716717,-0.07939163,-583.0
0.43406278,0.3620906,0.07197219,245.0
0.3662747,0.35241398,0.013860732,-21.0
0.7646527,0.75074375,0.013908982,139.0
0.77708286,0.65103424,0.12604862,1037.0
0.33068237,0.3524774,-0.021795034,-222.0
0.6306187,0.64684194,-0.016223252,-201.0
0.34347412,0.32768407,0.015790045,4.0
0.29057023,0.25093454,0.039635688,222.0
0.7294238,0.7273885,0.0020353198,106.0
0.915405,0.9002766,0.015128374,271.0
0.76910734,0.8836716,-0.11456424,-216.0
0.7957026,0.86030406,-0.06460148,-44.0
0.91205096,0.8413863,0.070664644,399.0
0.5994465,0.56655836,0.032888114,65.0
0.49967453,0.41249463,0.0871799,228.0
0.7229997,0.7677506,-0.04475093,-212.0
0.31745976,0.29388225,0.023577511,108.0
0.49211767,0.41323292,0.07888475,187.0
0.69105154,0.95170027,-0.26064873,-1025.0
0.55278534,0.81468326,-0.26189792,-1864.0
0.8694902,0.91536367,-0.045873463,101.0
0.2490887,0.39575958,-0.14667088,-1017.0
0.33023942,0.42791507,-0.09767565,-649.0
0.25862795,0.20585507,0.05277288,193.0
0.35254487,0.1744336,0.17811127,842.0
0.5124787,0.6595103,-0.1470316,-1088.0
0.30723536,0.35240728,-0.045171916,-368.0
0.4361795,0.5465902,-0.11041072,-642.0
0.22703439,0.32517824,-0.098143846,-666.0
0.8409793,0.9194288,-0.07844955,-18.0
0.32881528,0.36229742,-0.033482134,-301.0
0.72827697,0.68612933,0.042147636,452.0
0.8792882,0.9479765,-0.06868833,8.0
0.7913157,0.6802983,0.11101735,843.0
0.4838119,0.26769766,0.21611422,1101.0
0.68860865,0.7797059,-0.091097236,-590.0
0.77322257,0.6960176,0.07720494,605.0
0.5994162,0.67492896,-0.07551277,-728.0
0.9267465,0.9637408,-0.036994338,44.0
0.57038313,0.7312376,-0.16085446,-1421.0
0.8003466,0.6600688,0.1402778,1059.0
0.72224087,0.80826944,-0.086028576,-336.0
0.70450544,0.67507815,0.02942729,336.0
0.27243423,0.17729214,0.0951421,332.0
0.7826851,0.7376144,0.045070708,313.0
0.6008195,0.5378452,0.062974334,226.0
0.61494595,0.6884366,-0.07349068,-722.0
0.7101596,0.43013316,0.28002644,1827.0
0.45667902,0.42797762,0.028701395,-15.0
0.3439206,0.2766686,0.06725198,379.0
0.92182416,0.8765363,0.045287848,345.0
0.43244275,0.40764126,0.024801493,-8.0
0.6597253,0.68487585,-0.025150537,-230.0
0.49979,0.61631304,-0.11652303,-805.0
0.31190786,0.2751141,0.03679377,211.0
0.7162552,0.7731345,-0.05687934,-272.0
0.6301957,0.60491806,0.025277615,103.0
0.36385712,0.30584127,0.058015853,297.0
0.3807969,0.34632367,0.03447324,90.0
0.5850628,0.53211844,0.052944362,141.0
0.76966244,0.74599963,0.023662806,193.0
0.7637629,0.85385287,-0.09008998,-174.0
0.32368883,0.3078955,0.015793324,54.0
0.3778081,0.2203064,0.1575017,882.0
0.7732688,0.8336352,-0.060366392,-85.0
0.36636442,0.325577,0.04078743,152.0
0.3933137,0.3915547,0.0017589927,-98.0
0.2984512,0.24892442,0.049526766,286.0
0.22310627,0.22907719,-0.005970925,-36.0
1.0,0.9507505,0.04924947,191.0
0.68011427,0.53813624,0.14197803,1025.0
0.16813126,0.12135891,0.046772353,16.0
0.83336794,0.8257223,0.0076456666,185.0
0.7020879,0.68166345,0.020424426,262.0
0.6219149,0.44730523,0.17460969,816.0
0.38860273,0.38216454,0.0064381957,-76.0
0.66349685,0.5752024,0.08829445,626.0
0.9040912,0.93914104,-0.035049856,122.0
0.65377676,0.7610037,-0.10722691,-886.0
0.2800767,0.2550304,0.025046319,131.0
0.79990554,0.7422823,0.057623267,353.0
0.6577512,0.6669283,-0.009177089,-79.0
0.6440004,0.532852,0.11114842,655.0
0.79368156,0.896829,-0.10314745,-137.0
0.1612504,0.29021114,-0.12896074,-525.0
0.4840504,0.57541573,-0.09136534,-619.0
0.2553649,0.25008315,0.0052817464,-21.0
0.59446937,0.71579415,-0.12132478,-1133.0
0.2752667,0.2486028,0.026663914,135.0
0.9323776,0.88806915,0.044308424,334.0
0.67507493,0.5940468,0.08102816,653.0
0.6372185,0.64877737,-0.01155889,-144.0
0.7059029,0.61090684,0.094996035,873.0
0.5020556,0.5181887,-0.01613313,-227.0
0.7561285,0.64988214,0.10624635,952.0
0.7641425,0.7877244,-0.023581862,-19.0
0.742454,0.7140961,0.028357863,308.0
0.6040179,0.5470855,0.05693239,208.0
0.38446528,0.33361158,0.0508537,189.0
0.59268236,0.35813865,0.23454371,1039.0
0.5675415,0.5645025,0.0030390024,-139.0
0.41892797,0.49636963,-0.07744166,-471.0
0.6342789,0.59109414,0.043184757,228.0
0.269579,0.29309028,-0.02351129,-215.0
0.47159207,0.4711604,0.00043165684,-154.0
0.47413552,0.50597656,-0.03184104,-286.0
0.43680573,0.40545043,0.03135529,26.0
0.73288155,0.76548046,-0.032598913,-114.0
0.37897858,0.39854,-0.01956141,-231.0
0.5872763,0.53563863,0.05163765,135.0
0.3282491,0.33439827,-0.006149173,-131.0
0.6126424,0.5934362,0.019206226,16.0
0.7678577,0.87013686,-0.102279186,-193.0
0.5608149,0.49483508,0.06597984,171.0
0.68870765,0.6385778,0.05012983,482.0
0.6702378,0.6824137,-0.012175918,-83.0
0.3016619,0.21824317,0.08341874,454.0
0.6896314,0.59044147,0.09918994,835.0
0.7489957,0.6521314,0.09686434,896.0
0.70186114,0.67738634,0.0244748,296.0
0.4592565,0.2505297,0.2087268,1128.0
0.6201534,0.606274,0.013879418,1.0
0.2750221,0.22512555,0.04989654,249.0
0.7698622,0.76224434,0.007617831,106.0
0.49910498,0.4882618,0.010843188,-112.0
0.51273704,0.533476,-0.02073896,-269.0
0.6590524,0.63275975,0.026292622,214.0
0.6994563,0.75106055,-0.05160427,-338.0
0.3601091,0.3418147,0.018294394,1.0
0.9519993,0.96039456,-0.008395255,102.0
0.24050604,0.3045949,-0.064088866,-456.0
0.8107141,0.9462907,-0.13557655,-218.0
0.6770895,0.63202006,0.045069456,427.0
0.2878928,0.37638333,-0.088490546,-645.0
0.7697029,0.5027362,0.2669667,1900.0
0.51042455,0.4363271,0.074097455,149.0
0.33520326,0.2685221,0.06668115,392.0
0.84695405,0.5102428,0.33671123,2184.0
0.78154945,0.7198393,0.06171018,435.0
0.8428046,0.57004523,0.27275938,1866.0
0.85184884,0.7032629,0.14858592,850.0
0.7906439,0.8999741,-0.10933024,-161.0
0.5005617,0.6376221,-0.1370604,-966.0
0.8007358,0.9905368,-0.18980104,-493.0
0.38995957,0.44360217,-0.0536426,-391.0
0.58418137,0.6671316,-0.082950234,-755.0
0.78328705,0.9191904,-0.13590336,-242.0
0.69522864,0.7149511,-0.019722462,-128.0
0.6897629,0.6108318,0.07893109,704.0
0.5600592,0.42253852,0.13752067,471.0
0.29816732,0.22022396,0.077943355,420.0
0.6633547,0.684685,-0.021330297,-193.0
0.36242348,0.43139055,-0.068967074,-489.0
0.14878227,0.33824667,-0.1894644,-871.0
0.6284982,0.7311482,-0.10264999,-966.0
0.30720493,0.27127266,0.035932273,192.0
0.6319927,0.49492347,0.13706923,712.0
0.69537115,0.66853404,0.02683711,302.0
0.6095503,0.75633645,-0.14678615,-1300.0
0.52345,0.4701362,0.05331382,74.0
0.6266125,0.5592193,0.06739318,342.0
0.3909237,0.42891273,-0.03798902,-310.0
0.64979476,0.6608092,-0.0110144615,-113.0
0.2680716,0.26376942,0.004302174,-6.0
0.65896595,0.6790323,-0.02006638,-184.0
0.6798399,0.7657345,-0.085894585,-625.0
0.3966603,0.389268,0.0073922873,-78.0
0.4784285,0.431786,0.046642512,46.0
0.511366,0.5569655,-0.04559946,-389.0
0.45513618,0.47777075,-0.022634566,-242.0
0.5196561,0.45754406,0.062112063,104.0
0.5216701,0.24058813,0.28108197,1451.0
0.48375958,0.56447715,-0.08071756,-547.0
0.88558143,0.9415095,-0.05592805,65.0
0.5926051,0.43553916,0.15706596,621.0
0.41687045,0.34876472,0.06810573,263.0
0.4655171,0.5155794,-0.0500623,-359.0
0.3572758,0.33773553,0.01954028,13.0
0.38320595,0.37586725,0.0073387027,-75.0
0.20868033,0.30016088,-0.09148055,-524.0
0.69447535,0.60153526,0.09294009,805.0
0.29902384,0.3730471,-0.07402328,-552.0
0.26732805,0.2193328,0.047995254,223.0
0.33088472,0.2519455,0.07893923,474.0
0.27597985,0.26384196,0.01213789,52.0
0.74225324,0.67482656,0.06742668,659.0
0.60141146,0.5872715,0.01413995,-43.0
0.81203425,0.6801293,0.13190496,939.0
0.51388925,0.6681436,-0.15425432,-1154.0
0.077632695,0.24621686,-0.16858417,-230.0
0.29718232,0.45257494,-0.15539262,-986.0
0.22527617,0.23449345,-0.009217277,-53.0
0.37121832,0.38125256,-0.010034233,-169.0
0.27443472,0.32783222,-0.053397506,-438.0
0.3828376,0.3676871,0.015150487,-36.0
0.6270819,0.57763946,0.04944241,230.0
0.53095186,0.44579476,0.0851571,213.0
0.6329203,0.5939836,0.038936734,198.0
0.33004904,0.27728125,0.052767783,294.0
0.33151639,0.27970305,0.051813334,288.0
0.8153799,0.9655819,-0.15020198,-306.0
0.33957943,0.19171716,0.14786227,743.0
0.33852273,0.27543193,0.0630908,356.0
0.8025246,0.9050277,-0.10250306,-129.0
0.55008554,0.48781168,0.06227386,146.0
0.6383216,0.7523382,-0.11401659,-1010.0
0.90568596,0.8266535,0.07903248,411.0
0.6623675,0.8523047,-0.18993717,-1053.0
0.679381,0.7016441,-0.02226311,-174.0
0.66351926,0.64600337,0.017515898,148.0
0.41467595,0.41367948,0.0009964705,-124.0
0.567682,0.7960751,-0.22839308,-1751.0
0.40051728,0.21792161,0.18259567,1028.0
0.4328251,0.21951446,0.21331063,1162.0
0.7905016,0.7312294,0.05927217,388.0
0.6290109,0.62639755,0.0026133657,-69.0
0.29661366,0.27805194,0.01856172,66.0
0.66402966,0.79590344,-0.13187379,-906.0
0.8850393,0.89302886,-0.007989526,204.0
0.25788936,0.34165445,-0.08376509,-641.0
0.4350395,0.3315039,0.10353559,441.0
0.48375323,0.43539602,0.04835722,42.0
0.5897475,0.6679009,-0.07815343,-723.0
0.46984267,0.30558175,0.16426092,800.0
0.70855284,0.7187796,-0.010226786,-19.0
0.6519454,0.72047377,-0.068528354,-644.0
0.51543176,0.69513094,-0.17969918,-1404.0
0.52291983,0.60157573,-0.0786559,-596.0
0.22349407,0.4066378,-0.18314372,-1161.0
0.6377246,0.6311997,0.006524861,7.0
0.7868484,0.86435103,-0.07750261,-91.0
0.3980557,0.2788628,0.1191929,662.0
0.34513536,0.3537251,-0.008589745,-149.0
0.58521116,0.763819,-0.17860782,-1529.0
0.7589379,0.74326026,0.01567763,165.0
0.6078893,0.6730136,-0.06512433,-644.0
0.6408444,0.6822092,-0.04136479,-407.0
0.7266586,0.61547524,0.111183345,1019.0
0.3088908,0.30849615,0.00039464235,-43.0
0.31960624,0.4339216,-0.11431536,-743.0
0.23488268,0.20324539,0.031637296,70.0
0.23549819,0.2201565,0.015341684,29.0
0.74474204,0.5379629,0.20677912,1609.0
0.34821063,0.3280443,0.020166337,28.0
0.9214105,0.94780314,-0.026392639,125.0
0.8730877,0.7293608,0.14372689,724.0
0.5821268,0.35478824,0.22733855,990.0
0.29699337,0.24469014,0.05230324,303.0
0.4069472,0.45045394,-0.04350674,-330.0
0.39446962,0.3359472,0.058522433,245.0
0.676144,0.6945928,-0.01844877,-150.0
0.6025931,0.62852186,-0.025928736,-318.0
0.3939423,0.38219813,0.011744171,-40.0
0.43179652,0.24605167,0.18574485,1037.0
0.3621161,0.39278716,-0.03067106,-289.0
0.40688437,0.45085403,-0.04396966,-332.0
0.3703267,0.27764574,0.09268096,519.0
0.6738349,0.5886789,0.08515602,678.0
0.44181922,0.41673708,0.025082141,-23.0
0.82240283,0.9478287,-0.12542588,-176.0
0.40456274,0.4523381,-0.047775358,-351.0
0.67604077,0.63722026,0.038820505,361.0
0.58997935,0.77327853,-0.18329918,-1528.0
0.64961994,0.53487086,0.114749074,706.0
0.45670316,0.42819515,0.028508008,-15.0
0.6050537,0.3196841,0.28536963,1397.0
0.93914706,0.9359856,0.0031614304,217.0
0.70145476,0.6510625,0.05039227,519.0
0.28422713,0.18541348,0.09881365,399.0
0.77619106,0.7346657,0.041525364,294.0
0.3083424,0.35479,-0.046447605,-383.0
0.22276978,0.31419048,-0.091420695,-599.0
0.77000767,0.51601756,0.2539901,1845.0
0.41514575,0.3536745,0.061471254,222.0
0.57380766,0.6978344,-0.124026716,-1116.0
0.79237753,0.7045781,0.08779943,613.0
0.7933924,0.7810826,0.012309849,126.0
0.7279638,0.66810536,0.05985844,619.0
0.2756782,0.31003925,-0.034361064,-276.0
0.24682686,0.16977525,0.07705161,173.0
0.59905994,0.7003025,-0.10124254,-969.0
0.8869733,0.90373874,-0.016765416,184.0
0.39624178,0.14949363,0.24674815,1100.0
0.6672347,0.59504044,0.07219428,563.0
0.57044756,0.5336731,0.036774457,35.0
0.8174695,0.84834915,-0.030879676,76.0
0.8675396,0.9620534,-0.09451383,-104.0
0.58868194,0.5123909,0.076291025,276.0
0.6331342,0.6572795,-0.024145305,-267.0
0.20269147,0.110270955,0.09242051,57.0
0.91459715,0.8941194,0.020477772,285.0
0.597083,0.38353842,0.21354455,925.0
0.88255876,0.9239128,-0.04135406,118.0
0.5905688,0.3836831,0.2068857,880.0
0.8100289,0.8727651,-0.06273621,-5.0
0.63908815,0.66997737,-0.030889213,-318.0
0.28021607,0.19420497,0.0860111,370.0
0.53521216,0.36458793,0.17062423,663.0
0.6718151,0.6643796,0.0074355006,94.0
0.7077779,0.74793106,-0.040153146,-237.0
0.25481966,0.2842591,-0.02943945,-267.0
0.54173934,0.49180424,0.049935102,83.0
0.83172005,0.77996653,0.05175352,288.0
0.6263426,0.6753578,-0.049015224,-500.0
0.67786145,0.6958685,-0.01800704,-144.0
0.49437058,0.4835157,0.01085487,-118.0
0.9110482,0.8758889,0.03515929,316.0
0.6956848,0.71019536,-0.014510572,-78.0
0.2810517,0.24179602,0.03925568,216.0
0.27782965,0.40639693,-0.12856728,-860.0
0.8171098,0.9081548,-0.09104496,-60.0
0.80495715,0.9188119,-0.113854766,-155.0
0.34375393,0.35355556,-0.009801626,-156.0
0.27575934,0.28538117,-0.009621829,-117.0
0.5510605,0.5713026,-0.020242095,-266.0
0.9741124,0.9450951,0.02901727,205.0
0.27247912,0.2513056,0.021173507,95.0
0.6134843,0.6757445,-0.06226015,-619.0
0.5006349,0.49895927,0.0016756356,-154.0
0.25897294,0.30369025,-0.04471731,-342.0
0.2478338,0.21667647,0.03115733,103.0
0.6065134,0.6730157,-0.06650233,-655.0
0.29435226,0.21203479,0.08231747,417.0
0.64972967,0.6695135,-0.019783854,-196.0
0.8711996,0.9683729,-0.09717327,-124.0
0.36336762,0.3515568,0.011810809,-33.0
0.4014133,0.42068723,-0.019273937,-224.0
0.60241556,0.605715,-0.003299415,-156.0
0.568274,0.63735354,-0.06907952,-618.0
0.42193645,0.43853176,-0.016595304,-218.0
0.41666386,0.45911822,-0.042454362,-333.0
0.88848764,0.9462822,-0.05779457,50.0
0.8574319,0.98026854,-0.12283665,-235.0
0.41585037,0.37207147,0.043778896,114.0
0.8929864,0.9461689,-0.053182483,66.0
0.53301597,0.4252872,0.10772878,321.0
0.6639464,0.71593934,-0.051992953,-480.0
0.45764494,0.5176133,-0.059968352,-395.0
0.50852203,0.4115081,0.09701392,271.0
0.49427855,0.41843528,0.075843275,164.0
0.25478035,0.25093365,0.003846705,-30.0
0.3210905,0.23254536,0.08854513,529.0
0.52201873,0.6355918,-0.113573074,-840.0
0.29624638,0.27824613,0.018000245,61.0
0.5244163,0.6618646,-0.13744825,-1041.0
0.9111732,0.9222937,-0.011120498,200.0
0.6350784,0.63325125,0.0018271208,-45.0
0.25797197,0.17380078,0.08417119,237.0
0.8114825,0.45706227,0.3544202,2280.0
0.67987996,0.7326963,-0.05281633,-428.0
0.6101223,0.6979498,-0.0878275,-851.0
0.60886145,0.61154443,-0.0026829839,-139.0
0.45803234,0.43294024,0.025092095,-35.0
0.25625598,0.15249111,0.10376488,235.0
0.7384014,0.7176306,0.020770788,242.0
0.23536074,0.22455102,0.01080972,17.0
0.43484882,0.40071616,0.03413266,38.0
0.6149026,0.63446707,-0.01956445,-249.0
0.8052012,0.7210877,0.08411348,518.0
0.61934227,0.65436196,-0.035019696,-370.0
0.36195537,0.37569368,-0.013738304,-188.0
0.6645018,0.67177176,-0.0072699785,-70.0
0.5769025,0.59798354,-0.02108103,-284.0
0.7371494,0.72241724,0.014732182,189.0
0.6903244,0.73797053,-0.047646105,-351.0
0.6201339,0.6878668,-0.06773293,-670.0
0.5715554,0.59468895,-0.023133576,-296.0
0.7862744,0.9624626,-0.17618823,-422.0
0.67671394,0.34224942,0.33446452,1974.0
0.39265966,0.34136644,0.051293224,196.0
0.41766956,0.3696401,0.048029453,139.0
0.77273786,0.6793334,0.09340447,771.0
0.5015272,0.5942892,-0.09276199,-653.0
0.21390676,0.22008222,-0.0061754584,-31.0
0.6513174,0.70791066,-0.05659324,-536.0
0.70615995,0.56888574,0.1372742,1144.0
0.813204,0.9691906,-0.1559866,-331.0
0.47341353,0.45684823,0.016565293,-85.0
0.2653572,0.27774352,-0.012386322,-130.0
0.7001566,0.71479934,-0.014642715,-64.0
0.28771093,0.27297506,0.0147358775,46.0
1.0,0.80522907,0.19477093,587.0
0.6937471,0.65251756,0.041229546,424.0
0.33922848,0.41654757,-0.077319086,-544.0
0.5497452,0.64695024,-0.09720504,-792.0
0.1680426,0.15504855,0.012994051,6.0
0.71072674,0.72459185,-0.013865113,-39.0
0.2760805,0.29561383,-0.019533336,-173.0
0.8068771,0.7334577,0.07341939,436.0
0.4549138,0.44423997,0.010673821,-108.0
0.36389458,0.419264,-0.055369407,-420.0
0.6926279,0.6843994,0.008228481,137.0
0.7442504,0.63580924,0.108441174,999.0
0.56239414,0.55792415,0.0044699907,-126.0
0.68614006,0.64360344,0.042536616,424.0
0.6050149,0.69957656,-0.09456164,-911.0
0.76365316,0.72271305,0.040940106,329.0
0.5819544,0.3806479,0.20130652,839.0
0.6454108,0.5703819,0.0750289,473.0
0.28907573,0.2816106,0.007465124,-5.0
0.41179484,0.36636585,0.04542899,123.0
0.70105666,0.87792224,-0.17686558,-686.0
0.6044397,0.46516335,0.13927633,570.0
0.41365743,0.4091905,0.004466921,-101.0
0.3332407,0.21645723,0.116783455,669.0
0.32428497,0.28432178,0.039963186,201.0
0.39040643,0.42939454,-0.038988113,-317.0
0.69781405,0.74243766,-0.044623613,-290.0
0.4662305,0.29975528,0.16647524,821.0
0.2459565,0.18287149,0.063085005,153.0
0.69184405,0.7524477,-0.06060368,-435.0
0.21628444,0.3131102,-0.09682576,-608.0
0.57552665,0.41419113,0.16133553,612.0
0.50161266,0.49993703,0.0016756356,-151.0
0.52064085,0.46354106,0.05709979,86.0
0.5797234,0.6366555,-0.05693209,-544.0
0.698129,0.7083937,-0.010264695,-27.0
0.56144136,0.53928745,0.022153914,-37.0
0.67739004,0.68148917,-0.0040991306,2.0
0.3411435,0.21121801,0.12992547,718.0
0.89906734,0.97001433,-0.07094699,-58.0
0.61235553,0.6599787,-0.047623158,-477.0
0.7865994,0.8038579,-0.017258525,46.0
0.5768095,0.5609568,0.01585275,-59.0
0.7376826,0.6892312,0.048451364,498.0
0.64983463,0.7157149,-0.06588024,-618.0
0.73202455,0.53312975,0.1988948,1546.0
0.45617545,0.5537319,-0.09755647,-589.0
0.7171758,0.54971313,0.16746265,1355.0
0.27750906,0.28766525,-0.010156184,-121.0
0.17011568,0.2549575,-0.08484182,-265.0
0.8052432,0.8555485,-0.050305307,-2.0
0.8602296,0.60208845,0.25814116,1725.0
0.91485804,0.94793004,-0.033071995,110.0
0.74316347,0.5966483,0.14651519,1273.0
0.6862471,0.7110716,-0.0248245,-182.0
0.83348113,0.9495106,-0.11602944,-155.0
0.78399855,0.53166914,0.2523294,1832.0
0.3804669,0.31961566,0.060851246,270.0
0.7301205,0.7672131,-0.037092626,-151.0
0.58111006,0.49701136,0.0840987,272.0
0.33143264,0.29465508,0.036777556,186.0
0.6861625,0.7307587,-0.044596255,-342.0
0.70588505,0.68189454,0.023990512,299.0
0.5936541,0.5540727,0.039581418,95.0
0.35857835,0.31061414,0.047964215,228.0
0.696031,0.57886595,0.11716503,962.0
0.71819943,0.4282281,0.28997132,1913.0
0.20479847,0.21006194,-0.0052634627,-20.0
0.752187,0.9563912,-0.2042042,-549.0
0.42955947,0.5210876,-0.09152812,-537.0
0.71146274,0.69711995,0.014342785,207.0
0.6762199,0.69404733,-0.017827451,-140.0
0.6163079,0.6731077,-0.05679977,-579.0
0.22884153,0.32723224,-0.09839071,-682.0
0.9105368,0.9832138,-0.07267696,-99.0
0.42232096,0.38935125,0.032969713,40.0
0.53302956,0.54976094,-0.016731381,-245.0
0.5420831,0.4954214,0.046661675,65.0
0.5471018,0.4778364,0.069265395,162.0
0.2677366,0.35631233,-0.08857572,-668.0
0.9133903,0.9622791,-0.048888803,26.0
0.5049746,0.5558447,-0.05087012,-406.0
0.6849606,0.7048634,-0.019902825,-149.0
0.3529174,0.376821,-0.023903608,-241.0
0.31315637,0.3764126,-0.063256234,-465.0
0.6110593,0.5678616,0.04319769,158.0
0.8287566,0.8843811,-0.055624545,39.0
0.275567,0.32765117,-0.052084178,-424.0
0.6873147,0.6198902,0.067424476,625.0
0.6452152,0.530591,0.1146242,682.0
0.6862304,0.6646622,0.021568239,247.0
0.6141203,0.6969242,-0.082803905,-810.0
0.26679662,0.2597809,0.007015705,12.0
0.4671161,0.4159951,0.051120996,85.0
0.81535953,0.98200583,-0.1666463,-392.0
0.66386193,0.6126409,0.051221013,398.0
0.2828172,0.26807272,0.01474449,54.0
0.59575725,0.62826735,-0.0325101,-359.0
0.44147414,0.25164983,0.18982431,1041.0
0.49209332,0.39792943,0.094163895,271.0
0.87668836,0.87351185,0.0031765103,227.0
0.33123404,0.23654415,0.09468989,568.0
0.33848777,0.277265,0.061222762,343.0
0.56041676,0.49822178,0.062194973,148.0
0.6324505,0.70459414,-0.072143614,-714.0
0.4684801,0.39899877,0.06948134,186.0
0.42275754,0.4700537,-0.047296166,-351.0
0.7053432,0.88341796,-0.17807478,-651.0
0.69169647,0.628968,0.062728465,594.0
0.42844474,0.34480497,0.08363977,332.0
0.29325604,0.284047,0.009209037,-3.0
0.6163313,0.6363775,-0.020046234,-260.0
0.92523205,0.88710135,0.0381307,325.0
0.80112624,0.827721,-0.026594758,46.0
0.41646534,0.387306,0.029159337,29.0
0.28243074,0.45524967,-0.17281893,-1086.0
0.6749157,0.6507733,0.024142385,244.0
0.62734294,0.55967575,0.067667186,347.0
0.43412548,0.31405476,0.120070726,574.0
0.7286076,0.63209164,0.09651595,927.0
0.50018203,0.48753154,0.01265049,-96.0
0.5386225,0.5816132,-0.042990685,-403.0
0.64720476,0.6730301,-0.025825322,-262.0
0.51430637,0.3871599,0.12714645,434.0
0.6910306,0.6923329,-0.0013023019,35.0
0.67996186,0.74364954,-0.06368768,-492.0
0.7030442,0.7280925,-0.025048316,-133.0
0.59042066,0.73391944,-0.14349878,-1311.0
0.7019235,0.7776899,-0.075766385,-441.0
0.88719994,0.9250697,-0.03786975,127.0
0.2533637,0.29608262,-0.042718917,-344.0
0.3553776,0.2952171,0.060160518,312.0
0.8812409,0.7428368,0.13840413,652.0
0.3675642,0.36183432,0.005729884,-78.0
0.7058326,0.85193956,-0.14610696,-579.0
0.38028032,0.35692495,0.023355365,13.0
0.8644514,0.9120284,-0.047576964,93.0
0.38466668,0.3263405,0.058326185,243.0
0.17290343,0.30509776,-0.13219433,-601.0
0.32856405,0.33527008,-0.006706029,-132.0
0.30036786,0.17666231,0.12370555,522.0
0.77631736,0.89440745,-0.11809009,-210.0
0.86662394,0.92381686,-0.05719292,67.0
0.58584833,0.56134903,0.024499297,-3.0
0.26454014,0.2749627,-0.010422558,-112.0
0.9855414,0.89199924,0.09354216,377.0
0.7269547,0.7621081,-0.03515339,-142.0
0.6508151,0.75653976,-0.10572463,-895.0
0.64285433,0.71001506,-0.067160726,-644.0
0.6670291,0.7188189,-0.05178982,-460.0
0.7203996,0.9789631,-0.25856346,-876.0
0.67333376,0.7660254,-0.09269166,-695.0
0.7757807,0.8833369,-0.107556224,-183.0
0.25228757,0.33572116,-0.0834336,-643.0
0.4957438,0.51761365,-0.021869838,-257.0
0.5656559,0.56540513,0.00025075674,-152.0
0.29038617,0.21824884,0.072137326,381.0
0.7712595,0.7940078,-0.022748291,-4.0
0.21756664,0.255791,-0.03822437,-201.0
0.35030663,0.38853437,-0.038227737,-330.0
0.73358697,0.7658812,-0.032294214,-112.0
0.56464314,0.575045,-0.010401845,-222.0
0.47345585,0.4031123,0.070343554,187.0
0.6435942,0.83855194,-0.19495773,-1223.0
0.71632034,0.58906466,0.12725568,1123.0
0.6374338,0.7159327,-0.0784989,-753.0
0.6177114,0.69064534,-0.07293391,-718.0
0.77648854,0.95064926,-0.17416072,-399.0
0.788586,0.7169465,0.07163954,492.0
0.660988,0.69008243,-0.029094458,-274.0
0.6250962,0.69170487,-0.06660867,-660.0
0.32453987,0.28832954,0.03621033,174.0
0.6177654,0.687119,-0.06935358,-682.0
0.7878696,0.6794554,0.10841417,839.0
0.6388858,0.62600696,0.012878835,39.0
0.31668606,0.22895934,0.08772673,521.0
0.47857293,0.41219488,0.06637806,150.0
0.69264233,0.6139526,0.078689754,708.0
0.93836206,0.88990223,0.048459828,341.0
0.32613707,0.31143507,0.014701992,41.0
0.2881233,0.28603747,0.0020858347,-53.0
0.3064623,0.40658066,-0.10011837,-682.0
0.6575396,0.6620881,-0.00454849,-43.0
0.7860018,0.75246406,0.033537745,219.0
0.62945807,0.6472574,-0.017799318,-217.0
0.63590413,0.64539486,-0.009490728,-133.0
0.90379214,0.9160337,-0.012241542,197.0
0.7748812,0.6396932,0.13518798,1114.0
0.29637644,0.23258126,0.06379518,356.0
0.38497818,0.40784144,-0.022863269,-231.0
0.5748327,0.67709774,-0.10226506,-916.0
0.686828,0.68439656,0.0024314523,79.0
0.14908037,0.17053808,-0.021457717,-12.0
0.8056691,0.85398525,-0.04831612,8.0
0.49106082,0.35338837,0.13767245,530.0
0.7860576,0.8015961,-0.015538514,47.0
0.696413,0.6231522,0.073260784,690.0
0.67465246,0.77328914,-0.09863669,-713.0
0.456753,0.47596297,-0.019209981,-222.0
0.31407303,0.24397892,0.07009411,433.0
0.34032494,0.20929705,0.13102789,719.0
0.6489351,0.6401197,0.008815408,42.0
0.7072524,0.65094906,0.056303322,583.0
0.66604185,0.71754086,-0.05149901,-461.0
0.45172173,0.7189889,-0.26726717,-1880.0
0.27547836,0.3419937,-0.06651533,-519.0
0.6574927,0.5218804,0.13561231,858.0
0.67305756,0.49058306,0.1824745,1177.0
0.45223358,0.42098832,0.031245261,-3.0
0.7467624,0.7496574,-0.0028949976,57.0
0.5919298,0.6495856,-0.05765581,-556.0
0.70126796,0.978605,-0.277337,-1060.0
0.37093887,0.40044397,-0.029505104,-272.0
0.5913309,0.53226954,0.05906135,187.0
0.7014967,0.74363893,-0.042142212,-265.0
0.2618718,0.23518194,0.026689872,116.0
0.62704206,0.66906077,-0.04201871,-431.0
0.7101545,0.732335,-0.022180498,-108.0
0.7027588,0.6085679,0.094190896,861.0
0.7381893,0.7858813,-0.047692,-148.0
0.631587,0.6456711,-0.014084101,-187.0
0.2781966,0.2295809,0.04861571,266.0
0.68258536,0.8821073,-0.19952196,-886.0
0.66524005,0.9171563,-0.25191623,-1166.0
0.35711277,0.25271347,0.10439929,613.0
0.5808245,0.5644809,0.016343594,-56.0
0.53436685,0.6994803,-0.16511345,-1351.0
0.60580933,0.70800245,-0.10219312,-976.0
0.9830152,0.9781668,0.004848361,37.0
0.72630334,0.6946621,0.031641245,339.0
0.61818236,0.6807472,-0.06256485,-615.0
0.2640655,0.20160094,0.062464565,241.0
0.283234,0.31524152,-0.032007515,-278.0
0.28430516,0.2495195,0.034785658,190.0
0.3556805,0.39679864,-0.041118145,-344.0
0.6316344,0.55728483,0.07434958,406.0
0.73246545,0.6435172,0.08894825,865.0
0.67148095,0.43287262,0.23860833,1398.0
0.62285095,0.75817806,-0.1353271,-1193.0
0.89457524,0.95578974,-0.061214507,10.0
0.3248024,0.36388782,-0.039085418,-332.0
0.5748086,0.7440784,-0.1692698,-1479.0
0.662606,0.51797533,0.14463067,930.0
0.38025934,0.41547808,-0.035218745,-313.0
0.8093293,0.875545,-0.06621575,-21.0
0.39275056,0.36540866,0.027341902,44.0
0.27180314,0.26217535,0.009627789,22.0
0.4522346,0.42164344,0.03059116,-9.0
0.7593726,0.26178628,0.4975863,3240.0
0.80367744,0.6826085,0.121068954,869.0
0.37604073,0.38733274,-0.011292011,-188.0
0.7342319,0.7017876,0.0324443,352.0
0.28130424,0.24600103,0.035303205,198.0
0.64693886,0.555675,0.09126383,575.0
0.7962687,0.9258532,-0.12958449,-203.0
0.6014882,0.5866636,0.014824569,-37.0
0.40258047,0.40478924,-0.0022087693,-121.0
0.70629716,0.7321421,-0.025844932,-144.0
0.64444375,0.5503286,0.09411514,570.0
0.75169075,0.6255188,0.12617195,1116.0
0.5906452,0.57211995,0.018525243,-27.0
0.5803143,0.51683027,0.06348401,186.0
0.35776186,0.37329882,-0.015536964,-199.0
0.6340124,0.5926531,0.041359305,217.0
0.66523695,0.70398563,-0.03874868,-353.0
0.35332823,0.27587253,0.0774557,435.0
0.95962715,0.97766453,-0.018037379,23.0
0.58318925,0.6259181,-0.04272884,-434.0
0.8863452,0.79129606,0.09504914,441.0
0.6136106,0.51144683,0.10216379,470.0
0.90684944,0.89080954,0.016039908,265.0
0.6662396,0.5625521,0.103687525,748.0
0.70088005,0.6469976,0.05388248,548.0
0.71344095,0.716041,-0.0026000738,51.0
0.7059243,0.5864182,0.11950606,1037.0
0.6802238,0.5942056,0.086018205,711.0
0.6001923,0.47289807,0.12729424,518.0
0.4237615,0.34090668,0.08285481,344.0
0.62398636,0.57584304,0.048143327,223.0
0.54083884,0.41659725,0.12424159,406.0
0.51905155,0.31925777,0.19979379,889.0
0.71616507,0.73525983,-0.019094765,-68.0
0.25887156,0.2498336,0.009037957,12.0
0.6332454,0.8836999,-0.2504545,-1428.0
0.49482107,0.5395315,-0.044710457,-380.0
0.84490097,0.8478791,-0.002978146,172.0
0.9604667,0.8367166,0.12375009,484.0
0.45548815,0.23763233,0.21785581,1182.0
0.6068122,0.509881,0.09693116,421.0
0.30838093,0.25226608,0.056114852,332.0
0.598512,0.5834105,0.015101492,-50.0
0.82105887,0.95059943,-0.12954056,-200.0
0.7358266,0.57627517,0.15955144,1340.0
0.6306581,0.68884057,-0.058182478,-578.0
0.5597453,0.5066293,0.053116024,107.0
0.81524146,0.9720016,-0.15676016,-342.0
0.36104336,0.3955629,-0.034519523,-312.0
0.8535353,0.95217943,-0.09864414,-104.0
0.6843271,0.6637614,0.020565748,239.0
0.6332973,0.66747427,-0.034176946,-347.0
0.23615128,0.32906568,-0.0929144,-677.0
0.4399945,0.30602112,0.13397339,668.0
0.6067549,0.5913343,0.015420616,-23.0
0.4965811,0.428277,0.06830412,132.0
0.41784802,0.32951272,0.088335305,385.0
0.76054,0.6251127,0.1354273,1167.0
0.6446536,0.69187754,-0.047223926,-463.0
0.68500626,0.87866783,-0.19366157,-853.0
0.24570057,0.2618686,-0.016168028,-144.0
0.6836978,0.51889217,0.16480565,1162.0
0.7471106,0.72450423,0.022606373,236.0
0.59445035,0.59700346,-0.0025531054,-152.0
0.94327,0.92762417,0.015645862,246.0
0.55558646,0.493134,0.062452465,147.0
0.7038927,0.64474595,0.059146762,603.0
0.58267015,0.5394153,0.043254852,90.0
0.48024768,0.43752506,0.042722613,23.0
0.33960634,0.2871457,0.05246064,270.0
0.6167101,0.87623674,-0.2595266,-1568.0
0.65646124,0.5769571,0.07950413,547.0
0.67146486,0.50208277,0.1693821,1099.0
0.28602597,0.31300902,-0.026983052,-239.0
0.855798,0.9729384,-0.11714041,-204.0
0.2752977,0.3417742,-0.066476494,-520.0
0.7462827,0.7906326,-0.04434991,-117.0
0.41859546,0.46416342,-0.04556796,-352.0
0.8882831,0.98307055,-0.09478748,-155.0
0.5260495,0.6000421,-0.07399261,-576.0
0.5588037,0.5590425,-0.00023883581,-155.0
0.5501908,0.9877223,-0.43753147,-2445.0
0.46019247,0.45443818,0.005754292,-123.0
0.31118336,0.25834277,0.05284059,316.0
0.6829266,0.6538543,0.029072285,309.0
0.7516578,0.7853057,-0.033647895,-78.0
0.7180792,0.7146552,0.0034239888,117.0
0.36189473,0.2762158,0.085678935,476.0
0.4185663,0.64679354,-0.22822726,-1362.0
0.4362617,0.37770146,0.058560252,171.0
0.31337038,0.15545072,0.15791966,629.0
0.6292308,0.3919676,0.2372632,1158.0
0.5181967,0.6196441,-0.1014474,-733.0
0.47131258,0.44009185,0.031220734,-20.0
0.2499123,0.27919993,-0.029287621,-254.0
0.31754106,0.33227462,-0.014733553,-170.0
0.7573639,0.8610873,-0.10372341,-224.0
0.30351293,0.3440617,-0.04054877,-345.0
0.43671906,0.45560864,-0.018889576,-230.0
0.6128482,0.5210757,0.0917725,420.0
0.6337446,0.6800031,-0.04625851,-463.0
0.874426,0.83957297,0.03485304,296.0
0.30628648,0.23602404,0.07026245,407.0
0.7312338,0.57230437,0.15892941,1330.0
0.57554436,0.7931135,-0.21756917,-1695.0
0.8442618,0.8434158,0.0008460283,173.0
0.6349291,0.8069761,-0.17204696,-1238.0
0.67824185,0.65661025,0.021631598,228.0
0.7122909,0.6431301,0.06916076,705.0
0.615501,0.7701893,-0.1546883,-1317.0
0.7546385,0.7299096,0.024728894,239.0
0.63462365,0.66483647,-0.03021282,-308.0
0.3698285,0.41080847,-0.04097998,-337.0
0.68125695,0.60202014,0.079236805,665.0
0.8541825,0.9846334,-0.1304509,-272.0
0.78402555,0.83025455,-0.046229005,-30.0
0.6203706,0.51056725,0.10980338,535.0
0.558838,0.5443826,0.014455438,-80.0
0.51518667,0.61349314,-0.09830648,-716.0
0.40120393,0.36403695,0.037166983,89.0
0.70968145,0.6685611,0.04112035,453.0
0.8146627,0.9825343,-0.1678716,-402.0
0.40423936,0.39672178,0.007517576,-73.0
0.6493242,0.8052331,-0.15590894,-1079.0
0.70760494,0.605994,0.10161096,923.0
0.7593317,0.7439616,0.015370131,163.0
0.6811962,0.8560305,-0.17483431,-853.0
0.6414859,0.7080867,-0.0666008,-648.0
0.8136028,0.9567427,-0.1431399,-269.0
0.27178082,0.15081927,0.12096155,345.0
0.5816409,0.7900269,-0.208386,-1648.0
0.6377615,0.5309908,0.106770694,609.0
0.3139884,0.28117648,0.03281191,171.0
0.59426415,0.74255484,-0.1482907,-1331.0
0.32213393,0.3280201,-0.0058861673,-123.0
0.5232201,0.6067811,-0.083561,-623.0
0.8302113,0.9342702,-0.10405892,-91.0
0.6824738,0.6448745,0.037599266,373.0
0.23975311,0.30712676,-0.06737365,-486.0
0.1898932,0.18526606,0.0046271384,8.0
0.73698246,0.78432745,-0.047344983,-158.0
0.7238455,0.6816232,0.04222226,459.0
0.29758897,0.30147988,-0.0038909018,-73.0
0.27530342,0.31259307,-0.03728965,-307.0
0.45966488,0.4860958,-0.026430905,-246.0
0.5177385,0.66724974,-0.14951122,-1121.0
0.6245966,0.64666104,-0.022064447,-255.0
0.85226464,0.88931024,-0.037045598,101.0
0.76002795,0.7060204,0.05400753,454.0
0.56867635,0.70482516,-0.13614881,-1216.0
0.49706125,0.3661319,0.13092935,472.0
0.31262463,0.329072,-0.016447365,-184.0
0.85359764,0.94678843,-0.09319079,-71.0
0.5731521,0.32046175,0.25269037,1162.0
0.7224979,0.6240184,0.09847951,930.0
0.6681247,0.6635609,0.004563749,68.0
0.78072745,0.6852697,0.09545773,752.0
0.29459277,0.28775325,0.006839514,-23.0
0.6719258,0.74273854,-0.07081276,-574.0
0.3810319,0.37940773,0.001624167,-108.0
0.62589985,0.611218,0.014681876,14.0
0.25890237,0.2865878,-0.027685434,-250.0
0.5789042,0.48135522,0.09754899,330.0
0.4935999,0.464146,0.029453903,-59.0
0.6236879,0.72959214,-0.10590422,-989.0
0.3102588,0.25597784,0.054280967,323.0
0.67038035,0.5793307,0.09104967,686.0
0.90891623,0.7795356,0.12938064,531.0
0.30902395,0.26353064,0.045493305,269.0
0.6941385,0.626815,0.067323506,625.0
0.7102417,0.62166995,0.08857173,852.0
0.6765532,0.49024183,0.18631136,1220.0
0.80422014,0.81015974,-0.005939603,97.0
0.77538484,0.8736556,-0.098270774,-164.0
0.3818756,0.42773312,-0.04585752,-363.0
0.6946155,0.71519774,-0.020582259,-136.0
0.5823575,0.65288025,-0.070522726,-652.0
0.66394883,0.66066045,0.0032883883,35.0
0.23992181,0.18517967,0.054742143,118.0
0.6690065,0.6523058,0.016700745,170.0
0.725179,0.91168517,-0.18650615,-548.0
0.28338334,0.3185339,-0.035150558,-305.0
0.44251478,0.54916567,-0.10665089,-626.0
0.31180674,0.32485947,-0.013052732,-152.0
0.6558359,0.8013727,-0.14553678,-999.0
0.5475396,0.7488308,-0.2012912,-1668.0
0.48501217,0.66430086,-0.17928869,-1243.0
0.7002855,0.7621148,-0.06182933,-384.0
0.25624114,0.25924024,-0.002999097,-68.0
0.7932464,0.89534837,-0.10210198,-139.0
0.33141133,0.25165161,0.07975972,480.0
0.9208538,0.96375626,-0.04290247,29.0
0.406249,0.40198812,0.004260868,-88.0
0.6282923,0.45889303,0.16939929,814.0
0.77117395,0.7296205,0.041553438,321.0
0.77246994,0.7625155,0.0099544525,114.0
0.5568601,0.25369364,0.30316645,1546.0
0.72397965,0.6246355,0.099344134,938.0
0.26481372,0.34408796,-0.07927424,-603.0
0.30659217,0.24965023,0.05694194,335.0
0.54945207,0.6027781,-0.05332601,-478.5
0.6055546,0.721677,-0.116122425,-1101.0
0.9537195,0.9793762,-0.0256567,-1.0
0.4876635,0.3160894,0.17157412,767.0
0.661497,0.5699851,0.091511905,655.0
0.56016946,0.52869797,0.03147149,10.0
0.27120978,0.30113986,-0.029930085,-246.0
0.6085911,0.62379634,-0.015205264,-222.0
0.6600574,0.71007437,-0.05001694,-460.0
0.7293098,0.709927,0.019382775,244.0
0.65520704,0.7100224,-0.054815352,-508.0
0.9718983,0.9337686,0.038129747,255.0
0.50125504,0.7631763,-0.2619213,-1970.0
0.48715052,0.53625906,-0.049108535,-392.0
0.5195353,0.31930247,0.20023283,890.0
0.8879918,0.97097886,-0.08298707,-94.0
0.43533427,0.45909047,-0.023756206,-256.0
0.5091722,0.46204054,0.047131658,25.0
0.41163236,0.3816167,0.030015647,43.0
0.28476554,0.22505341,0.059712127,316.0
0.7489567,0.94877565,-0.19981897,-517.0
0.83869123,0.9466242,-0.107932985,-120.0
0.3291764,0.29706052,0.032115877,158.0
0.20565043,0.24651286,-0.040862426,-169.0
0.5750146,0.49189222,0.08312237,267.0
0.29030165,0.3222337,-0.031932056,-289.0
0.64631575,0.44027472,0.20604104,1089.0
0.299614,0.31377333,-0.014159322,-159.0
0.73285323,0.62908125,0.103771985,975.0
0.38636422,0.28711286,0.09925136,532.0
0.7590357,0.44475424,0.31428146,2093.0
0.46025354,0.57992184,-0.119668305,-735.0
0.67073786,0.7517594,-0.08102155,-654.0
0.8525993,0.6026734,0.24992591,1689.0
0.69687515,0.74550754,-0.048632383,-327.0
0.21276578,0.21689789,-0.004132107,-18.0
0.47280878,0.41738823,0.055420548,99.0
0.724177,0.68708014,0.037096858,404.0
0.24299523,0.27966347,-0.03666824,-289.0
0.6871629,0.6260599,0.061102986,562.0
0.38983026,0.40069628,-0.010866016,-163.0
0.63161373,0.55470103,0.0769127,417.0
0.95819205,0.9728329,-0.014640868,40.0
0.2167538,0.31334385,-0.09659006,-606.0
0.28753853,0.23604779,0.05149074,280.0
0.4153742,0.3553523,0.060021877,206.0
0.6759836,0.66790265,0.008080959,109.0
0.4167594,0.41466168,0.0020977259,-116.0
0.72022074,0.67117983,0.049040914,523.0
0.5825942,0.56645346,0.016140759,-50.0
0.68862313,0.77603245,-0.08740932,-576.0
0.6693944,0.7443196,-0.074925244,-609.0
0.9448252,0.8380968,0.106728375,467.0
0.6072283,0.61418396,-0.006955683,-172.0
0.7125415,0.71465427,-0.0021127462,65.0
0.9861315,0.9498461,0.0362854,187.0
0.29423437,0.24753924,0.046695128,263.0
0.39170396,0.32348165,0.068222314,313.0
0.6317133,0.465868,0.16584527,816.0
0.746188,0.77319247,-0.02700448,-61.0
0.78510207,0.9752564,-0.19015431,-488.0
0.36566895,0.37675333,-0.011084378,-169.0
0.42940453,0.51165354,-0.082249016,-497.0
0.46893105,0.4996775,-0.03074646,-278.0
0.6541493,0.5003874,0.15376192,920.0
0.5942687,0.6626617,-0.06839299,-643.0
0.3835745,0.38897616,-0.005401671,-153.0
0.4484242,0.29807732,0.15034688,764.0
0.44346988,0.3753498,0.06812009,226.0
0.6165494,0.66558605,-0.04903668,-493.0
0.6594906,0.7078193,-0.048328698,-449.0
0.55268365,0.5041318,0.048551857,85.0
0.38485786,0.41261792,-0.027760059,-268.0
0.5076026,0.7387192,-0.23111665,-1800.0
0.818952,0.71698415,0.10196787,626.0
0.58975595,0.5332774,0.05647856,169.0
0.71710473,0.81142384,-0.094319105,-371.0
0.6158004,0.6464143,-0.0306139,-337.0
0.43343937,0.42733425,0.006105125,-112.0
0.38961124,0.27215838,0.11745286,667.0
0.3672139,0.40405205,-0.036838144,-310.0
0.25705302,0.3768903,-0.119837284,-857.0
0.75623494,0.6706631,0.085571826,766.0
0.70932454,0.7283042,-0.018979669,-76.0
0.3665446,0.37454483,-0.008000225,-150.0
0.6469771,0.56473583,0.0822413,527.0
0.3077156,0.25381225,0.05390334,316.0
0.63460886,0.6552747,-0.020665824,-230.0
0.89922,0.6712779,0.22794211,1303.0
0.65916175,0.69195896,-0.032797217,-311.0
0.35790777,0.37936237,-0.021454602,-235.0
0.6950332,0.6707845,0.02424872,268.0
0.68893635,0.5475016,0.14143473,1073.0
0.6933378,0.54730684,0.14603096,1118.0
0.715227,0.68766165,0.02756536,333.0
0.44272423,0.4762452,-0.033520967,-283.0
0.8476031,0.92490894,-0.07730585,-6.0
0.5307557,0.34827477,0.18248093,744.0
0.50660866,0.59255344,-0.08594477,-619.0
0.5387532,0.6672441,-0.12849087,-1019.0
0.64745796,0.55650216,0.090955794,582.0
0.53096133,0.39352655,0.13743478,482.0
0.42496225,0.4740528,-0.049090534,-355.0
0.30476397,0.45202318,-0.1472592,-928.0
0.9259893,0.828771,0.097218275,458.0
0.4410359,0.43221432,0.008821577,-107.0
0.77675664,0.7765169,0.00023972988,71.0
0.6506035,0.7294251,-0.0788216,-712.0
0.22150725,0.3096532,-0.08814594,-562.0
0.71345747,0.8386761,-0.12521863,-474.0
0.66134775,0.7003601,-0.039012372,-366.0
0.8635384,0.8535278,0.0100106,228.0
0.3464476,0.31225604,0.03419155,147.0
0.20754094,0.28380594,-0.07626499,-426.0
0.92312807,0.8105324,0.11259568,493.0
0.73298675,0.8074968,-0.07451004,-242.0
0.27656683,0.22698101,0.04958582,265.0
0.5879962,0.6292577,-0.041261494,-423.0
0.38150004,0.30728775,0.07421228,380.0
0.14657243,0.24485365,-0.09828122,-215.0
0.29697275,0.31378087,-0.016808122,-180.0
0.25008464,0.23173821,0.018346429,55.0
0.63217914,0.572268,0.05991113,323.0
0.26255727,0.2555496,0.0070076585,2.0
0.8550026,0.7458442,0.1091584,542.0
0.2763272,0.25980228,0.01652491,81.0
0.44373852,0.33921692,0.1045216,441.0
0.71356237,0.87287265,-0.15931028,-545.0
0.6663088,0.7632463,-0.09693748,-759.0
0.2469853,0.31151375,-0.06452845,-483.0
0.6574105,0.81741834,-0.16000783,-1019.0
0.6388211,0.51494676,0.12387437,694.0
0.58995044,0.6034781,-0.013527632,-231.0
0.21543068,0.1946981,0.020732582,32.0
0.2615732,0.3057518,-0.044178605,-346.0
0.6693427,0.7497278,-0.08038509,-651.0
0.21573532,0.30904886,-0.093313545,-572.0
0.77081126,0.791678,-0.020866752,-2.0
0.6606198,0.5101528,0.15046698,951.0
0.70508534,0.74796593,-0.042880595,-265.0
0.66513646,0.54539466,0.1197418,824.0
0.66413033,0.55365634,0.11047399,769.0
0.22481216,0.26411584,-0.039303675,-231.0
0.34474465,0.27164,0.07310465,421.0
0.3352899,0.5194594,-0.18416953,-1013.0
0.51835805,0.72289634,-0.20453829,-1633.0
0.76553667,0.7002975,0.06523919,533.0
0.3419889,0.3777585,-0.03576961,-309.0
0.25210238,0.26674938,-0.014647007,-146.0
0.65896153,0.60533786,0.053623676,401.0
0.64443254,0.5357615,0.10867107,642.0
0.39022908,0.4118329,-0.021603823,-226.0
0.8070319,0.9814692,-0.17443728,-435.0
0.68406767,0.70534146,-0.021273792,-162.0
0.6779672,0.5378078,0.14015937,1004.0
0.50595033,0.27504882,0.23090151,1146.0
0.4028774,0.36609635,0.036781043,87.0
0.8100096,0.38864413,0.42136547,2612.0
0.244107,0.27917245,-0.035065457,-277.0
0.52035075,0.5014503,0.018900454,-68.0
0.26102567,0.40156433,-0.14053866,-965.0
0.25570187,0.28387788,-0.02817601,-256.0
0.9745323,0.96126014,0.013272166,116.0
0.5424691,0.67060405,-0.12813497,-1042.0
0.64170736,0.7286703,-0.08696294,-804.0
0.5390707,0.5603524,-0.02128166,-267.0
0.738269,0.6835018,0.05476719,565.0
0.44410527,0.47838843,-0.03428316,-283.0
0.93275845,0.91684496,0.015913486,263.0
0.26714727,0.3364877,-0.06934044,-540.0
0.6874363,0.7459127,-0.05847639,-425.0
0.30199906,0.33456156,-0.032562494,-300.0
0.33936727,0.27116862,0.06819865,391.0
0.3546905,0.33767948,0.017011017,0.0
0.52628154,0.51145416,0.014827371,-78.0
0.45210224,0.33237812,0.119724125,512.0
0.42639577,0.38522995,0.04116583,80.0
0.32999682,0.24690652,0.083090305,500.0
0.39302114,0.5322034,-0.13918224,-755.0
0.7711203,0.8479526,-0.076832294,-130.0
0.78537655,0.3267096,0.45866695,2885.0
0.63895214,0.77558213,-0.13663,-1111.0
0.7966048,0.6899008,0.106704,771.0
0.65432197,0.6031558,0.051166177,367.0
0.84150016,0.63121736,0.2102828,1461.0
0.62228465,0.57668173,0.045602918,197.0
0.27352673,0.36729017,-0.09376344,-696.0
0.63080454,0.62782174,0.0029827952,-54.0
0.6876209,0.64955276,0.038068116,395.0
0.7349766,0.71419126,0.020785332,256.0
0.29671928,0.23650356,0.060215726,339.0
0.55194855,0.5980956,-0.04614705,-429.0
0.653305,0.777672,-0.124367,-967.0
0.68977606,0.6350909,0.054685175,531.0
0.28855905,0.23386359,0.054695457,302.0
0.6226816,0.5590995,0.06358212,311.0
0.42001522,0.41482857,0.005186647,-103.0
0.3591636,0.3358209,0.023342699,37.0
0.31419986,0.38739833,-0.07319847,-530.0
0.73157525,0.68255115,0.049024105,514.0
0.6718048,0.75449896,-0.08269417,-659.0
0.672444,0.7633542,-0.0909102,-699.0
0.54253435,0.43869326,0.103841096,301.0
0.7222972,0.6859521,0.036345065,404.0
0.61873835,0.46209902,0.15663934,708.0
0.8416832,0.9789775,-0.13729429,-288.0
0.6726043,0.64275026,0.02985406,289.0
0.69133896,0.8191862,-0.12784725,-654.0
0.6142841,0.6901799,-0.07589579,-749.0
0.54899365,0.61888164,-0.069887996,-578.0
0.2638211,0.27540678,-0.011585683,-125.0
0.77700347,0.9714619,-0.19445843,-510.0
0.2490035,0.2460877,0.0029157996,-25.0
0.6542216,0.9414002,-0.28717858,-1365.0
0.79659,0.65941006,0.13717991,1058.0
0.5025444,0.61128604,-0.10874164,-761.0
0.18902162,0.1859853,0.0030363202,3.0
0.8835747,0.9700426,-0.08646786,-102.0
0.5879823,0.6866743,-0.098692,-918.0
0.814907,0.93831915,-0.12341213,-163.0
0.243956,0.23255719,0.011398807,20.0
0.32254907,0.3156278,0.0069212615,-20.0
0.8550328,0.57726556,0.27776724,1854.0
0.7097837,0.47292092,0.23686275,1630.0
0.5632776,0.5701648,-0.0068871975,-192.0
0.6167585,0.67742556,-0.060667038,-601.0
0.25827205,0.235477,0.022795051,89.0
0.5458225,0.59712476,-0.051302254,-459.0
0.84242064,0.9356706,-0.09324998,-56.0
0.38372955,0.41246483,-0.02873528,-275.0
0.42280146,0.42719993,-0.004398465,-151.0
0.6517192,0.8240462,-0.17232698,-1094.0
0.5331151,0.45728025,0.07583484,171.0
0.6427277,0.7515653,-0.108837605,-962.0
0.34265277,0.5286045,-0.18595174,-1018.0
0.6078439,0.7624534,-0.1546095,-1347.0
0.5438272,0.57153755,-0.027710378,-313.0
0.7159442,0.757255,-0.041310847,-208.0
0.27518913,0.31613266,-0.040943533,-343.0
0.6674992,0.6686173,-0.0011181235,10.0
0.4385844,0.41875622,0.01982817,-51.0
0.6730432,0.64470434,0.02833885,276.0
0.25295478,0.25348422,-0.00052943826,-55.0
0.41598105,0.5288356,-0.11285454,-635.0
0.51420426,0.5081257,0.0060785413,-133.0
0.36955702,0.37350655,-0.003949523,-132.0
0.54388094,0.48981467,0.05406627,101.0
0.40870708,0.34681335,0.06189373,237.0
0.87728,0.9330701,-0.055790126,76.0
0.7342061,0.7143231,0.019882977,249.0
0.51578605,0.7163467,-0.20056063,-1589.0
0.73518646,0.84383374,-0.10864729,-310.0
0.884501,0.97271925,-0.08821827,-108.0
0.25827637,0.3406919,-0.08241552,-629.0
0.36787888,0.2757506,0.09212828,519.0
0.5680851,0.567098,0.0009870529,-149.0
0.70269907,0.77557534,-0.072876275,-420.0
0.83575237,0.8975085,-0.061756134,31.0
0.7361175,0.62412196,0.11199552,1039.0
0.39830428,0.2726831,0.12562117,711.0
0.59455836,0.7025013,-0.10794294,-1017.0
0.5818122,0.6085037,-0.026691496,-321.0
0.6437473,0.8866786,-0.24293125,-1328.0
0.3286067,0.34142554,-0.012818843,-171.0
0.44834322,0.45644873,-0.008105516,-183.0
0.91056347,0.9550977,-0.044534206,54.0
0.6401086,0.66969585,-0.029587269,-309.0
0.27181166,0.2409602,0.030851468,156.0
0.658586,0.6211971,0.03738892,296.0
0.66899383,0.6144603,0.05453354,454.0
0.6530222,0.80826056,-0.15523833,-1054.0
0.8468061,0.7948066,0.05199951,295.0
0.31706554,0.33504674,-0.017981201,-191.0
0.26178148,0.23312438,0.028657109,122.0
0.6217465,0.7838716,-0.16212511,-1308.0
0.35088336,0.1985165,0.15236686,799.0
0.668672,0.7030192,-0.034347177,-303.0
0.6768565,0.5817719,0.09508461,747.0
0.32689938,0.32713968,-0.00024029613,-85.0
0.18670657,0.24937567,-0.0626691,-209.0
0.6583036,0.5129737,0.1453299,909.0
0.37402683,0.24574833,0.12827851,755.0
0.6457502,0.41942987,0.22632036,1182.0
0.668546,0.7650216,-0.0964756,-744.0
0.6193147,0.6550147,-0.035700023,-377.0
0.2533397,0.19707769,0.056262016,175.0
0.9322462,0.9608622,-0.028616011,70.0
0.695289,0.6552805,0.040008545,415.0
0.6035167,0.6138897,-0.010372996,-203.0
0.3792299,0.31265524,0.06657466,314.0
0.654744,0.68619204,-0.031448007,-295.0
0.7226628,0.65012556,0.07253724,727.0
0.49952134,0.4556228,0.043898553,18.0
0.40790513,0.4654154,-0.057510257,-404.0
0.73277134,0.5302591,0.20251226,1572.0
0.24277088,0.30633238,-0.0635615,-465.0
0.24622673,0.23027322,0.015953511,40.0
0.33986452,0.32274908,0.017115444,24.0
0.6357005,0.62146956,0.014230967,55.0
0.8527563,0.9627348,-0.1099785,-167.0
0.660499,0.6129623,0.04753667,362.0
0.755037,0.6542912,0.1007458,913.0
0.69187045,0.5865662,0.10530424,887.0
0.6140816,0.4489817,0.16509992,733.0
0.64139384,0.7260786,-0.08468479,-795.0
0.38362148,0.5007468,-0.1171253,-676.0
0.6980075,0.6277058,0.07030171,672.0
0.69667375,0.59202284,0.104650915,901.0
0.30545872,0.29237264,0.013086081,31.0
0.8318552,0.6531529,0.1787023,1250.0
0.768752,0.6946461,0.07410586,594.0
0.9537655,0.98222923,-0.028463721,-14.0
0.3621235,0.31466308,0.047460407,208.0
0.75380576,0.80766696,-0.0538612,-121.0
0.29295298,0.26522002,0.027732968,144.0
0.17927691,0.37912032,-0.1998434,-1097.0
0.25659186,0.28359026,-0.0269984,-243.0
0.7853626,0.93156934,-0.14620674,-269.0
0.21870886,0.2558866,-0.037177756,-200.0
0.49485582,0.43828955,0.05656627,70.0
0.71017325,0.6957138,0.014459431,203.0
0.2615101,0.261581,-7.0899725e-05,-42.0
0.69646114,0.7068443,-0.010383129,-38.0
0.51978415,0.5642088,-0.044424653,-377.0
0.4587544,0.34797025,0.11078414,444.0
0.861739,0.95320255,-0.091463566,-78.0
0.64875555,0.6439104,0.0048451424,18.0
0.5479804,0.49565825,0.05232218,93.0
0.30971777,0.34566966,-0.035951883,-310.0
0.62188447,0.5956216,0.02626288,87.0
0.34904206,0.3498085,-0.0007664561,-103.0
0.61986387,0.5997583,0.02010554,30.0
0.3474947,0.2744439,0.0730508,425.0
0.58820885,0.40812,0.18008885,743.0
0.29720533,0.2685279,0.028677434,143.0
0.8154221,0.49139598,0.32402614,2165.0
0.6489814,0.62731916,0.021662235,141.0
0.52934134,0.24699175,0.2823496,1446.0
0.7054995,0.74656075,-0.041061282,-246.0
0.2783218,0.25701308,0.02130872,111.0
0.43209633,0.4633588,-0.031262457,-293.0
0.39071384,0.40431443,-0.013600588,-176.0
0.34414193,0.23452719,0.109614745,651.0
0.6755436,0.61121815,0.06432545,543.0
0.85573936,0.9808422,-0.12510282,-247.0
0.6664982,0.7172012,-0.05070299,-451.0
0.93679166,0.9502785,-0.013486862,142.0
0.5995314,0.63067865,-0.031147242,-345.0
0.3494536,0.26064196,0.088811636,527.0
0.16974598,0.15521267,0.014533311,8.0
0.6544031,0.7444405,-0.090037405,-778.0
0.88214695,0.8969749,-0.014827967,189.0
0.72676444,0.7577992,-0.031034768,-130.0
0.3188091,0.32658738,-0.007778287,-122.0
0.5517386,0.6373476,-0.08560896,-707.0
0.6955663,0.8182282,-0.12266189,-609.0
0.2863063,0.38864997,-0.10234368,-731.0
0.89875615,0.9805459,-0.08178973,-113.0
0.6971322,0.56915027,0.1279819,1051.0
0.8612918,0.96992105,-0.10862923,-171.0
0.36776713,0.36905172,-0.0012845993,-119.0
0.8491181,0.9341221,-0.08500397,-26.0
0.6074061,0.38478273,0.22262335,999.0
0.5285898,0.66978574,-0.14119595,-1099.0
0.26008347,0.27014422,-0.010060757,-117.0
0.47551548,0.3517965,0.12371898,490.0
0.17492999,0.42575526,-0.2508253,-1354.0
0.6417097,0.7319767,-0.090267,-842.0
0.37892854,0.67644,-0.29751146,-1839.0
0.65869004,0.63531816,0.023371875,180.0
0.3617686,0.32397527,0.03779334,134.0
0.76855004,0.7581554,0.010394633,114.0
0.5314484,0.4509471,0.08050132,193.0
0.6256743,0.7108395,-0.0851652,-829.0
0.8566254,0.67002,0.1866054,1188.0
0.39798054,0.39500168,0.0029788613,-101.0
0.94860727,0.93745124,0.011156023,219.0
0.54915774,0.41124853,0.1379092,479.0
0.52456164,0.7501882,-0.22562653,-1789.0
0.6654426,0.54217345,0.12326914,850.0
0.58350664,0.6236046,-0.040097952,-409.0
0.7085865,0.6025671,0.10601944,953.0
0.79427886,0.87335056,-0.0790717,-78.0
0.5681808,0.50669926,0.061481535,155.0
0.41921157,0.38371092,0.035500646,59.0
0.98207253,0.8244428,0.15762973,529.0
0.6437398,0.6925328,-0.04879296,-483.0
0.33551475,0.36011234,-0.024597585,-247.0
0.61185956,0.7464613,-0.13460171,-1221.0
0.15913202,0.24887909,-0.08974707,-235.0
0.707258,0.6556504,0.05160761,544.0
0.6943044,0.66268355,0.03162086,346.0
0.2549817,0.27534518,-0.02036348,-192.0
0.7355822,0.76854444,-0.032962263,-112.0
0.8910926,0.8218694,0.069223225,386.0
0.4633634,0.42110568,0.042257726,42.0
0.73587507,0.68412155,0.05175352,541.0
0.28477165,0.28303856,0.0017330945,-44.0
0.8184838,0.941856,-0.1233722,-160.0
0.96281254,0.9662407,-0.0034281611,79.0
0.71430755,0.59052575,0.1237818,1086.0
0.6724853,0.59867036,0.07381493,588.0
0.53305084,0.622978,-0.08992714,-691.0
0.81002414,0.56646,0.24356413,1767.0
0.83501613,0.53549045,0.29952568,2018.0
0.84185517,0.89750457,-0.0556494,47.0
0.41065818,0.42946625,-0.018808067,-222.0
0.4965331,0.19730772,0.2992254,1469.0
0.24612515,0.26073232,-0.014607176,-136.0
0.31967086,0.30540454,0.014266312,54.0
0.8272529,0.94306755,-0.115814626,-140.0
0.7046742,0.69260037,0.012073815,176.0
0.70495063,0.7038042,0.0011464357,74.0
0.58401275,0.62486166,-0.04084891,-418.0
0.3103314,0.3201402,-0.009808809,-133.0
0.4015395,0.42699006,-0.025450557,-248.0
0.86329806,0.9544982,-0.09120011,-81.0
0.66539884,0.67641056,-0.01101172,-89.0
0.66651416,0.6411831,0.02533108,233.0
0.5403654,0.6937962,-0.15343082,-1267.0
0.69912064,0.72988284,-0.030762196,-190.0
0.8539227,0.8512241,0.0026986003,197.0
0.58136266,0.4869833,0.094379365,327.0
0.34694096,0.21518259,0.13175838,747.0
0.67841214,0.5783068,0.100105345,782.0
0.32604685,0.38898987,-0.06294301,-473.0
0.65312374,0.714258,-0.06113428,-568.0
0.8796778,0.9528565,-0.07317871,-18.0
0.46486813,0.4764248,-0.011556685,-195.0
0.563409,0.5359667,0.027442276,-17.0
0.6856847,0.67019254,0.015492141,183.0
0.17996815,0.28664646,-0.10667831,-490.0
0.8302806,0.7389916,0.091288984,502.0
0.74756384,0.577249,0.17031485,1402.0
0.48975068,0.46368715,0.026063532,-67.0
0.7599231,0.81535727,-0.055434167,-104.0
0.6548891,0.7147798,-0.059890687,-552.0
0.59829897,0.6563706,-0.058071613,-575.0
0.7671632,0.51769924,0.24946398,1827.0
0.493622,0.7351246,-0.24150258,-1845.0
0.57686794,0.40095687,0.17591107,701.0
0.26481998,0.34855688,-0.0837369,-630.0
0.7126944,0.78637594,-0.07368153,-357.0
0.33173823,0.3782348,-0.04649657,-369.0
0.6575317,0.62164867,0.03588301,282.0
0.28740543,0.40918222,-0.12177679,-830.0
0.58624965,0.60579985,-0.019550204,-269.0
0.18009655,0.25111085,-0.0710143,-232.0
0.24240808,0.22503915,0.017368928,45.0
0.24416423,0.3445197,-0.100355476,-736.0
0.6731739,0.6866606,-0.013486683,-99.0
0.3526954,0.38953754,-0.036842138,-325.0
0.75358546,0.5665164,0.18706906,1504.0
0.64804673,0.565312,0.082734704,539.0
0.5635987,0.2913683,0.2722304,1317.0
0.6297537,0.4553779,0.1743758,853.0
0.4682697,0.31192112,0.15634859,737.0
0.9235984,0.85788816,0.06571025,385.0
0.4869971,0.47894803,0.008049071,-127.0
0.8439497,0.9853254,-0.14137572,-312.0
0.725196,0.7194584,0.0057376027,115.0
0.18584286,0.27566463,-0.08982177,-395.0
0.8699551,0.91116494,-0.041209817,116.0
0.35541615,0.41811976,-0.06270361,-464.0
0.88526726,0.96864516,-0.0833779,-84.0
0.3740849,0.38828492,-0.014200032,-202.0
0.44933367,0.4357226,0.013611078,-85.0
0.629286,0.548214,0.08107197,429.0
0.28655142,0.26891306,0.017638355,70.0
0.74971783,0.3505406,0.39917722,2567.0
0.26448968,0.27530086,-0.01081118,-118.0
0.78807044,0.94377786,-0.15570742,-308.0
0.64000565,0.61867815,0.021327496,112.0
0.6089267,0.6648919,-0.055965185,-547.0
0.5617246,0.27540827,0.28631634,1426.0
0.3042489,0.46407855,-0.15982965,-992.0
0.604349,0.5607494,0.043599606,139.0
0.4106806,0.4215543,-0.010873705,-188.0
0.30145288,0.23245794,0.06899494,398.0
0.29392236,0.2660649,0.027857453,143.0
0.34651095,0.2926986,0.053812355,280.0
0.67811006,0.77179205,-0.09368199,-668.0
0.57303303,0.4966739,0.07635912,225.0
0.8098235,0.94308966,-0.13326615,-215.0
0.58617246,0.38921025,0.19696221,815.0
0.25447664,0.30472353,-0.050246894,-390.0
0.32918647,0.32106113,0.008125335,-27.0
0.82216275,0.9383117,-0.11614895,-128.0
0.25835207,0.3142531,-0.05590102,-443.0
0.5965953,0.51593393,0.08066136,309.0
0.689189,0.8582556,-0.16906661,-768.0
0.7665334,0.81252295,-0.045989573,-70.0
0.40188867,0.2500276,0.15186107,880.0
0.80288935,0.9823945,-0.17950517,-463.0
0.4312043,0.33842313,0.09278116,380.0
0.8053455,0.9753353,-0.16998982,-404.0
0.39774838,0.729463,-0.3317146,-2186.0
0.27791977,0.35384014,-0.07592037,-568.0
0.26148435,0.24892186,0.012562498,36.0
0.29778537,0.2677018,0.030083567,158.0
0.6953131,0.66585445,0.029458642,329.0
0.37258762,0.33965665,0.03293097,85.0
0.3792693,0.33065093,0.048618376,172.0
0.7067471,0.7097884,-0.0030412674,47.0
0.6206725,0.64417344,-0.02350092,-270.0
0.86554706,0.9133257,-0.047778666,92.0
0.7375466,0.6174043,0.12014234,1105.0
0.7401359,0.6929611,0.04717481,479.0
0.5577822,0.6492422,-0.09146005,-764.0
0.8470797,0.9783912,-0.13131148,-262.0
0.7022977,0.68839246,0.013905227,194.0
0.6149348,0.7139689,-0.09903407,-945.0
0.5783259,0.5979322,-0.019606292,-277.0
0.5573043,0.520263,0.037041306,37.0
0.5710609,0.5831986,-0.012137711,-230.0
0.5883877,0.64411676,-0.05572903,-529.0
0.6815735,0.9694389,-0.2878654,-1226.0
0.86343104,0.96237856,-0.098947525,-121.0
0.69069254,0.75723904,-0.0665465,-468.0
0.55340296,0.63217986,-0.078776896,-647.0
0.75757974,0.41765332,0.33992642,2219.0
0.6032991,0.46508256,0.13821653,559.0
0.8506359,0.9608592,-0.11022329,-161.0
0.48935404,0.4464892,0.04286483,15.0
0.24074766,0.43322423,-0.19247657,-1255.0
0.29481864,0.28288057,0.011938065,20.0
0.4376999,0.25256515,0.18513477,1017.0
0.72373146,0.895082,-0.17135054,-519.0
0.62131643,0.6103789,0.010937512,-14.0
0.5793944,0.6223321,-0.042937696,-430.0
0.87580717,0.8984103,-0.022603154,164.0
0.44196597,0.46393317,-0.021967202,-250.0
0.687364,0.7038268,-0.016462803,-107.0
0.8250813,0.71641636,0.10866493,651.0
0.40137762,0.60696036,-0.20558274,-1150.0
0.3868744,0.2999976,0.08687681,465.0
0.2335804,0.27221164,-0.038631245,-275.0
0.8059607,0.8868979,-0.08093721,-62.0
0.6598595,0.6442162,0.015643299,129.0
0.1890073,0.26191172,-0.07290442,-287.0
0.27847874,0.32941774,-0.050938994,-412.0
0.5982991,0.7493402,-0.15104109,-1357.0
0.8668662,0.88304096,-0.016174793,176.0
0.29674226,0.31525686,-0.018514603,-193.0
0.57036436,0.66435385,-0.09398949,-824.0
0.39307582,0.35611317,0.03696266,105.0
0.28295565,0.33889744,-0.05594179,-453.0
0.68841034,0.8873167,-0.19890636,-842.0
0.30010834,0.42058438,-0.12047604,-810.0
0.674228,0.6790516,-0.0048235655,-11.0
0.26679528,0.27627245,-0.009477168,-111.0
0.60313255,0.49669108,0.10644147,434.0
0.33990213,0.38188916,-0.04198703,-346.0
0.73714453,0.7750304,-0.037885845,-124.0
0.28396118,0.29157537,-0.0076141953,-109.0
0.29756957,0.31302768,-0.015458107,-166.0
0.53957593,0.49627373,0.04330221,45.0
0.27111137,0.3092787,-0.038167328,-309.0
0.569099,0.75142145,-0.18232244,-1564.0
0.3207294,0.28429556,0.036433846,182.0
0.3592337,0.42574957,-0.06651586,-479.0
0.36239997,0.280445,0.081954956,450.0
0.7956735,0.9424986,-0.14682513,-270.0
0.72775376,0.7785498,-0.050796032,-212.0
0.5212723,0.36509436,0.15617794,599.0
0.8102661,0.6227861,0.18747997,1413.0
0.3570534,0.34786278,0.009190619,-53.0
0.54364914,0.5982073,-0.054558158,-482.0
0.2831011,0.24971499,0.033386126,179.0
0.6862418,0.62368745,0.06255436,578.0
0.31593925,0.34345737,-0.027518123,-253.0
0.695567,0.6113421,0.08422494,753.0
0.6729668,0.63415533,0.038811445,356.0
0.5176793,0.5039214,0.0137578845,-97.0
0.60820085,0.71303594,-0.10483509,-997.0
0.39155152,0.40053225,-0.008980721,-151.0
0.8258008,0.984055,-0.1582542,-363.0
0.83838695,0.9437612,-0.10537428,-109.0
0.27442604,0.24234344,0.032082602,165.0
0.8473638,0.52869993,0.3186639,2097.0
0.8070543,0.7360206,0.07103366,421.0
0.5376163,0.6558965,-0.11828017,-935.0
0.7431484,0.83403265,-0.09088427,-234.0
0.6758901,0.7036689,-0.027778804,-233.0
0.7851819,0.6272934,0.15788847,1257.0
0.3926637,0.3383534,0.054310292,213.0
0.7038973,0.8382578,-0.13436049,-566.0
0.6624866,0.7427847,-0.080298066,-686.0
0.25722903,0.24824518,0.0089838505,15.0
0.70115983,0.747206,-0.046046138,-301.0
0.8454629,0.7846112,0.060851693,317.0
0.6284601,0.5146887,0.11377144,586.0
0.6094675,0.77602315,-0.16655564,-1391.0
0.62826586,0.63261557,-0.0043497086,-110.0
0.5130081,0.4527501,0.06025803,88.0
0.5144423,0.65863675,-0.14419442,-1064.0
0.60443974,0.8191745,-0.2147348,-1543.0
0.88422716,0.97958183,-0.095354676,-147.0
0.7203035,0.65889966,0.06140381,643.0
0.9326904,0.8685992,0.064091206,379.0
0.72445077,0.5939767,0.13047409,1146.0
0.8100517,0.86761236,-0.057560682,6.0
0.5642211,0.70891625,-0.14469516,-1273.0
0.79404795,0.96683073,-0.17278278,-412.0
0.71520364,0.7767806,-0.061576962,-306.0
0.31175086,0.2735484,0.038202465,216.0
0.71998346,0.86923134,-0.14924788,-481.0
0.5247457,0.32520568,0.19954002,877.0
0.46649367,0.46157247,0.004921198,-135.0
0.25604132,0.2856796,-0.02963829,-269.0
0.7856339,0.69395167,0.091682255,685.0
0.6127887,0.6592813,-0.046492636,-465.0
0.818431,0.80679286,0.0116381645,181.0
0.6498655,0.46405482,0.18581069,1018.0
0.23941529,0.21928835,0.020126939,49.0
0.7403407,0.7823637,-0.042023003,-124.0
0.9844313,0.97282887,0.011602461,60.0
0.4204676,0.44605753,-0.025589943,-252.0
0.24125479,0.18166783,0.059586957,132.0
0.27458966,0.2834478,-0.008858144,-116.0
0.36127034,0.25416222,0.107108116,626.0
0.64346814,0.682335,-0.038866878,-380.0
0.5130328,0.54905105,-0.036018252,-341.0
0.36102518,0.39480937,-0.03378418,-309.0
0.71108675,0.5031868,0.20789993,1518.0
0.6558425,0.6101545,0.045687973,343.0
0.33993047,0.501649,-0.16171855,-915.0
0.34139267,0.32684574,0.014546931,1.0
0.65261304,0.68615603,-0.03354299,-321.0
0.7033484,0.6985167,0.0048316717,114.0
0.2469036,0.32024017,-0.07333657,-563.0
0.36813423,0.3222201,0.045914143,188.0
0.56724596,0.5326443,0.03460169,22.0
0.5730431,0.59934074,-0.026297629,-324.0
0.5821041,0.4921488,0.0899553,309.0
0.25017396,0.27278888,-0.022614926,-203.0
0.70622,0.69730663,0.008913338,152.0
0.3555982,0.3647346,-0.009136379,-164.0
0.6955459,0.7097741,-0.014228165,-73.0
0.7146102,0.699095,0.015515208,220.0
0.61326385,0.5736063,0.039657533,140.0
0.93651515,0.97899175,-0.042476594,-15.0
0.49310726,0.48033223,0.012775034,-112.0
0.55238855,0.499786,0.05260256,103.0
0.24039173,0.26614803,-0.0257563,-196.0
0.38791817,0.32232434,0.06559384,297.0
0.31771874,0.23783015,0.0798886,484.0
0.6587539,0.685693,-0.026939154,-254.0
0.36956605,0.32486436,0.044701695,176.0
0.24017583,0.28181902,-0.041643187,-322.0
0.4934493,0.64472085,-0.15127155,-1052.0
0.5955319,0.57440937,0.021122515,-6.0
0.4432077,0.41678983,0.026417881,-14.0
0.44090223,0.4487235,-0.007821262,-183.0
0.67876506,0.66155076,0.017214298,200.0
0.6871375,0.63526106,0.051876426,498.0
0.5457049,0.7069723,-0.1612674,-1365.0
0.19876306,0.23085788,-0.03209482,-94.0
0.9241695,0.9565826,-0.032413125,80.0
0.72336733,0.55428225,0.16908509,1372.0
0.59737015,0.60133123,-0.0039610863,-164.0
0.6000099,0.64548385,-0.045473933,-461.0
0.5999474,0.6767459,-0.0767985,-738.0
0.45350388,0.4846615,-0.031157613,-271.0
0.8531006,0.95094097,-0.09784037,-97.0
0.77190614,0.6896459,0.08226025,664.0
0.6841565,0.7115463,-0.027389824,-209.0
0.23146686,0.23588696,-0.0044201016,-47.0
0.51638186,0.4342549,0.082126945,196.0
0.3334529,0.34405294,-0.01060003,-151.0
0.42408496,0.4175349,0.0065500736,-102.0
0.7188597,0.65068334,0.06817633,701.0
0.32406744,0.18391706,0.14015038,665.0
0.2523615,0.24364719,0.008714318,6.0
0.79336905,0.98108983,-0.18772078,-491.0
0.2787748,0.3331853,-0.054410487,-432.0
0.6784302,0.6090258,0.06940442,599.0
0.2627072,0.3066906,-0.0439834,-344.0
0.30542943,0.30925718,-0.0038277507,-79.0
0.238913,0.2814142,-0.04250121,-324.0
0.3798722,0.33960265,0.040269554,125.0
0.81665564,0.6812655,0.13539016,951.0
0.5961015,0.57955045,0.016551077,-45.0
0.86103845,0.9552091,-0.09417063,-90.0
0.6279851,0.43473557,0.19324955,917.0
0.87960005,0.9732892,-0.09368914,-129.0
0.31573358,0.40297642,-0.08724284,-596.0
0.24390292,0.2779421,-0.03403917,-273.0
0.68357813,0.6783988,0.0051793456,92.0
0.6569409,0.64646214,0.010478735,81.0
0.58478427,0.24189283,0.34289145,1786.0
0.7425453,0.7550835,-0.012538195,5.0
0.69609493,0.6843265,0.011768401,180.0
0.5385096,0.3780897,0.16041991,605.0
0.49787053,0.45090717,0.046963364,36.0
0.51886564,0.53632754,-0.017461896,-248.0
0.70512915,0.7626349,-0.057505727,-344.0
0.96216285,0.941445,0.02071786,217.0
0.85587627,0.94208014,-0.08620387,-33.0
0.75447565,0.71283716,0.041638494,376.0
0.64440775,0.70280623,-0.058398485,-571.0
0.9742382,0.95333993,0.020898283,156.0
0.6976533,0.6493645,0.048288822,503.0
0.6237182,0.7381817,-0.11446351,-1056.0
0.74914813,0.55546504,0.19368309,1550.0
0.19004029,0.18974684,0.00029344857,3.0
0.99191165,0.955325,0.036586642,160.0
0.7806548,0.72316337,0.05749142,405.0
0.69590527,0.64329827,0.052607,531.0
0.8564707,0.9197074,-0.06323671,42.0
0.81649774,0.976649,-0.16015124,-351.0
0.27354053,0.28003424,-0.0064937174,-99.0
0.4623952,0.39402202,0.06837317,187.0
0.4972096,0.51860476,-0.021395147,-255.0
0.7528038,0.69917905,0.05362475,484.0
0.53232116,0.41463232,0.117688835,373.0
0.34024233,0.2813139,0.05892843,323.0
0.47300094,0.3783079,0.094693035,316.0
0.65525216,0.7664123,-0.11116016,-900.0
0.6371563,0.88039106,-0.24323475,-1373.0
0.69355476,0.46067435,0.23288041,1506.0
0.2707677,0.2959573,-0.025189608,-224.0
0.6480833,0.40660176,0.24148157,1294.0
0.7082167,0.5199924,0.18822432,1414.0
0.29408446,0.26765478,0.026429683,128.0
0.72866374,0.714601,0.014062762,200.0
0.54637337,0.41479996,0.13157341,444.0
0.56119335,0.691456,-0.13026267,-1130.0
0.62847984,0.6320418,-0.0035619736,-102.0
0.9194543,0.8629518,0.05650246,365.0
0.33471745,0.35626203,-0.021544576,-229.0
0.35805297,0.45760235,-0.09954938,-638.0
0.42940798,0.3510879,0.078320086,300.0
0.63709533,0.5485235,0.08857185,509.0
0.30847704,0.2858451,0.022631943,93.0
0.81985325,0.7296539,0.09019935,539.0
0.31052843,0.20110583,0.109422594,561.0
0.3886305,0.396796,-0.008165479,-156.0
0.69107807,0.70245284,-0.011374772,-58.0
0.6032386,0.62109643,-0.01785785,-243.0
0.36450523,0.30578244,0.058722794,301.0
0.8353211,0.95114356,-0.115822434,-155.0
0.59355026,0.5423166,0.05123365,152.0
0.6641264,0.6284021,0.035724282,289.0
0.3513868,0.32593626,0.025450528,68.0
0.44168308,0.39371926,0.047963828,103.0
0.5317389,0.39035496,0.14138392,497.0
0.24139228,0.25574085,-0.0143485665,-125.0
0.59053147,0.7070775,-0.116546035,-1088.0
0.25771537,0.30781892,-0.050103545,-388.0
0.8054234,0.9457693,-0.14034593,-245.0
0.56082195,0.60788745,-0.047065496,-438.0
0.48096406,0.49533588,-0.014371812,-216.0
0.7729641,0.7390478,0.033916295,258.0
0.5971123,0.6892653,-0.09215301,-876.0
0.7227204,0.4626957,0.2600247,1777.0
0.58751243,0.52169317,0.06581926,213.0
0.4699528,0.4327919,0.037160903,15.0
0.57310224,0.55189186,0.021210372,-35.0
0.68374527,0.5425266,0.14121866,1041.0
0.7543249,0.78829116,-0.033966243,-70.0
0.20503266,0.32028344,-0.11525078,-693.0
0.31888172,0.3817074,-0.06282568,-460.0
0.35337707,0.38221404,-0.028836966,-275.0
0.9306889,0.66725266,0.26343626,1422.0
0.24164194,0.30473173,-0.06308979,-451.0
0.25787976,0.28108063,-0.02320087,-216.0
0.8885743,0.97856086,-0.08998656,-121.0
0.4896422,0.37080458,0.118837625,416.0
0.40172195,0.55795294,-0.15623099,-848.0
0.6373968,0.63355285,0.0038439631,-20.0
0.21147388,0.3342684,-0.12279451,-778.0
0.6455839,0.49703696,0.14854696,837.0
0.5710305,0.4684519,0.10257861,327.0
0.72765607,0.4694249,0.25823116,1790.0
0.6546823,0.4804058,0.17427647,1015.0
0.33301812,0.29446062,0.0385575,197.0
0.37097204,0.33166862,0.039303422,127.0
0.66805315,0.6482248,0.01982838,191.0
0.53239626,0.52902484,0.0033714175,-143.0
0.55684996,0.80425334,-0.24740338,-1825.0
0.7323655,0.69559723,0.036768258,386.0
0.37593412,0.3469667,0.02896741,54.0
0.7397406,0.72608125,0.013659358,194.0
0.2908881,0.27586326,0.015024841,52.0
0.6346254,0.60382384,0.030801535,154.0
0.28528208,0.3190587,-0.03377661,-293.0
0.73269856,0.9863956,-0.25369704,-820.0
0.48490918,0.35694954,0.12795964,471.0
0.98833007,0.95371705,0.034613013,165.0
0.831983,0.86623156,-0.03424859,91.0
0.6437999,0.6856435,-0.041843593,-411.0
0.37177426,0.3757213,-0.0039470494,-133.0
0.64335376,0.5823037,0.061050057,372.0
0.2478279,0.331889,-0.0840611,-642.0
0.33586997,0.3620375,-0.026167542,-252.0
0.81795025,0.962751,-0.14480072,-286.0
0.3844036,0.42177254,-0.037368953,-330.0
0.33062887,0.3195682,0.011060685,-6.0
0.6732272,0.48768187,0.18554533,1198.0
0.7161734,0.7253021,-0.00912869,12.0
0.693157,0.6259985,0.06715852,624.0
0.7013645,0.5934274,0.1079371,941.0
0.73018503,0.7220863,0.0080987215,138.0
0.6539393,0.6745214,-0.02058208,-199.0
0.67956185,0.9494527,-0.26989084,-1133.0
0.8804911,0.79766124,0.08282983,408.0
0.7099329,0.7449145,-0.03498155,-189.0
0.6774559,0.6330741,0.044381797,420.0
0.864425,0.92428124,-0.059856236,57.0
0.663805,0.63802433,0.025780678,207.0
0.8074605,0.9193013,-0.111840785,-140.0
0.6173981,0.5598463,0.0575518,257.0
0.24591073,0.18106832,0.06484242,154.0
0.54780686,0.7241306,-0.17632371,-1494.0
0.7263747,0.68525904,0.04111564,442.0
0.34395817,0.49360391,-0.14964575,-852.0
0.34204406,0.25155398,0.09049007,542.0
0.7167486,0.831251,-0.11450243,-422.0
0.5388642,0.53084314,0.008021057,-117.0
0.45664254,0.35113952,0.10550302,417.0
0.48039198,0.3572427,0.123149276,455.0
0.64814943,0.72746885,-0.07931942,-720.0
0.49039382,0.6920594,-0.20166558,-1489.0
0.6271808,0.68711257,-0.059931755,-599.0
0.48244703,0.3667209,0.11572611,408.0
0.79539686,0.85538834,-0.05999148,-36.0
0.5879713,0.5668728,0.021098554,-18.0
0.33692658,0.32196552,0.014961064,14.0
0.88844573,0.9531392,-0.06469345,6.0
0.38355923,0.3163434,0.06721583,310.0
0.30062428,0.3259587,-0.025334418,-244.0
0.27567658,0.29913196,-0.023455381,-195.0
0.40110406,0.35502338,0.04608068,141.0
0.90869546,0.90461475,0.004080713,237.0
0.31001595,0.3423457,-0.032329768,-287.0
0.26752216,0.29965946,-0.032137305,-259.0
0.72429574,0.7663115,-0.04201579,-194.0
0.87393236,0.98594207,-0.112009704,-202.0
0.44319865,0.669687,-0.22648832,-1456.0
0.7099348,0.6720209,0.03791386,417.0
0.17738742,0.23597902,-0.058591604,-149.0
0.93636394,0.8808753,0.055488646,362.0
0.9340672,0.95273554,-0.018668354,120.0
0.33118278,0.38012984,-0.048947066,-382.0
0.4832878,0.5157424,-0.03245461,-301.0
0.6552923,0.3562275,0.2990648,1645.0
0.37169528,0.5289363,-0.15724105,-868.0
0.52587163,0.51651126,0.009360373,-104.0
0.6009172,0.80628693,-0.20536971,-1543.0
0.57725453,0.5893833,-0.01212877,-224.0
0.82430726,0.84204304,-0.01773578,118.0
0.7947228,0.76236,0.03236282,217.0
0.25285122,0.3357065,-0.082855284,-637.0
0.39835057,0.48921722,-0.090866655,-528.0
0.46052146,0.5062401,-0.04571867,-338.0
0.63578725,0.67539424,-0.03960699,-404.0
0.801692,0.9471847,-0.14549267,-275.0
0.3296231,0.30479816,0.024824947,111.0
0.6837859,0.6438697,0.039916217,400.0
0.6396716,0.73076856,-0.09109694,-849.0
0.63532007,0.6784969,-0.04317683,-429.0
0.5507992,0.6488501,-0.09805089,-799.0
0.44879788,0.4028679,0.04592997,93.0
0.6087199,0.7997932,-0.1910733,-1463.0
0.21605425,0.24455579,-0.02850154,-132.0
0.7128471,0.6765469,0.036300242,412.0
0.66585326,0.7923661,-0.12651283,-868.0
0.2964425,0.2765608,0.019881696,78.0
0.72769177,0.70594925,0.021742523,256.0
0.5714009,0.55421466,0.017186224,-53.0
0.9110976,0.977609,-0.06651139,-57.0
0.45210725,0.5288858,-0.07677853,-481.0
0.6290475,0.5742008,0.054846704,279.0
0.43507454,0.44187656,-0.0068020225,-184.0
0.57378244,0.577637,-0.0038545728,-186.0
0.19352773,0.21657549,-0.02304776,-41.0
0.43677872,0.2736907,0.16308802,874.0
0.32508302,0.31288722,0.012195796,19.0
0.68699825,0.61472666,0.072271585,645.0
0.43557006,0.38262793,0.052942127,134.0
0.5443848,0.6563198,-0.11193502,-903.0
0.44540474,0.29951397,0.14589077,744.0
0.81693065,0.74034846,0.07658219,450.0
0.3800631,0.33825663,0.04180646,135.0
0.72364753,0.71637416,0.007273376,129.0
0.30941272,0.31134146,-0.0019287467,-58.0
0.8031193,0.74085385,0.062265456,376.0
0.51180315,0.3299025,0.18190065,761.0
0.33175704,0.28310168,0.04865536,264.0
0.28895518,0.1878013,0.10115388,430.0
0.4742273,0.35656375,0.11766356,442.0
0.72070515,0.60835475,0.112350404,1031.0
0.62121373,0.59211814,0.02909559,102.0
0.7431415,0.693685,0.049456477,485.0
0.61111885,0.5716171,0.039501727,130.0
0.766957,0.6905413,0.07641566,629.0
0.7399772,0.73548037,0.004496813,118.0
0.5520217,0.562283,-0.010261297,-208.0
0.5025613,0.269756,0.23280528,1167.0
0.35655412,0.27853835,0.078015774,432.0
0.5253333,0.5793279,-0.053994596,-453.0
0.47503603,0.44263855,0.03239748,-19.0
0.30494857,0.3440155,-0.03906694,-335.0
0.6216855,0.3897961,0.2318894,1100.0
0.6315309,0.75736797,-0.12583709,-1111.0
0.56299025,0.53675675,0.026233494,-24.0
0.3848708,0.37802196,0.006848842,-74.0
0.83575606,0.68816626,0.1475898,949.0
0.66017646,0.822564,-0.16238755,-1002.0
0.6650004,0.86169934,-0.19669896,-1040.0
0.402664,0.4982789,-0.09561488,-556.0
0.87062573,0.9774847,-0.10685897,-171.0
0.3497654,0.27894756,0.07081783,394.0
0.8037572,0.569269,0.23448819,1713.0
0.5881931,0.76378846,-0.17559534,-1503.0
0.6532539,0.59340656,0.059847355,423.0
0.70810974,0.65314037,0.05496937,574.0
0.6951918,0.5203759,0.1748159,1268.0
0.6617491,0.7820526,-0.12030345,-893.0
0.68723994,0.72148603,-0.034246087,-263.0
0.3471442,0.32276237,0.024381816,68.0
0.8790843,0.97068447,-0.09160018,-119.0
0.6502813,0.5423566,0.1079247,678.0
0.68546396,0.72023606,-0.034772098,-275.0
0.4977781,0.47354382,0.024234265,-65.0
0.6726486,0.6616141,0.011034489,129.0
0.6266572,0.51129633,0.115360856,588.0
0.679985,0.7469942,-0.06700921,-519.0
0.6982773,0.6615312,0.036746085,411.0
0.48556116,0.43072987,0.054831296,76.0
0.500857,0.7191972,-0.21834022,-1685.0
0.30681732,0.23846494,0.06835239,398.0
0.79571176,0.97746426,-0.1817525,-447.0
0.33877143,0.46244955,-0.12367812,-768.0
0.2621258,0.10186471,0.16026108,287.0
0.6027343,0.50035715,0.10237718,417.0
0.384781,0.27046627,0.114314735,647.0
0.6465306,0.586404,0.060126603,396.0
0.2549525,0.28107378,-0.026121289,-238.0
0.51436144,0.49858528,0.015776157,-91.0
0.49626356,0.5064724,-0.010208845,-209.0
0.24868923,0.22174048,0.02694875,83.0
0.5246323,0.57913876,-0.05450648,-455.0
0.76779294,0.7664376,0.00135535,66.0
0.7119988,0.84506726,-0.13306844,-501.0
0.82017064,0.9665378,-0.14636713,-291.0
0.26663136,0.31989583,-0.05326447,-428.0
0.57008296,0.37055737,0.1995256,821.0
0.37733117,0.46961674,-0.09228557,-588.0
0.66883385,0.64840305,0.020430803,200.0
0.23505066,0.26971617,-0.03466551,-249.0
0.39689642,0.31736073,0.07953569,378.0
0.43056184,0.4284777,0.002084136,-134.0
0.64695334,0.59975964,0.047193706,303.0
0.93424684,0.9756268,-0.04137999,5.0
0.5097768,0.5176567,-0.007879913,-198.0
0.66674316,0.81357837,-0.14683521,-905.0
0.17769341,0.2264324,-0.048738986,-104.0
0.7255443,0.6695498,0.05599445,578.0
0.40293682,0.5115264,-0.10858959,-607.0
0.78462523,0.8190086,-0.034383357,1.0
0.6731727,0.5722877,0.10088503,766.0
0.29502797,0.28461155,0.010416418,3.0
0.75529474,0.70210147,0.05319327,469.0
0.5304638,0.7455999,-0.21513611,-1733.0
0.5940619,0.60832995,-0.014268041,-229.0
0.61942303,0.49026608,0.12915695,615.0
0.5107566,0.4481691,0.0625875,99.0
0.7344419,0.745133,-0.010691106,17.0
0.63670754,0.71516466,-0.07845712,-750.0
0.34537205,0.43112513,-0.08575308,-577.0
0.37931743,0.37108088,0.008236557,-74.0
0.36638814,0.22858697,0.13780117,802.0
0.69707173,0.59917474,0.09789699,854.0
0.8717356,0.86333555,0.008400023,235.0
0.60351455,0.54644024,0.05707431,203.0
0.6969497,0.772093,-0.07514328,-466.0
0.85559285,0.84225935,0.013333499,220.0
0.1869783,0.17810254,0.008875757,13.0
0.5941725,0.5528373,0.041335166,106.0
0.6698604,0.65198207,0.017878354,182.0
0.5114017,0.68652284,-0.17512113,-1344.0
0.44514284,0.35335737,0.09178546,361.0
0.64706326,0.7612277,-0.11416447,-955.0
0.43925962,0.57636493,-0.13710532,-801.0
0.66879076,0.67193365,-0.0031428933,-16.0
0.27439642,0.28634062,-0.011944205,-146.0
0.3259559,0.24642667,0.079529226,481.0
0.712871,0.7466396,-0.033768594,-173.0
0.69958967,0.7317012,-0.032111526,-208.0
0.66927564,0.69431216,-0.025036514,-216.0
0.3088011,0.2921586,0.01664251,58.0
0.9019039,0.96989536,-0.067991436,-51.0
0.6217092,0.6599784,-0.038269162,-390.0
0.7168117,0.626033,0.09077871,871.0
0.73754305,0.5740767,0.16346633,1375.0
0.91491735,0.9310145,-0.016097128,188.0
0.5999403,0.4613919,0.1385484,555.0
0.5589468,0.50074273,0.058204055,127.0
0.29949453,0.30920026,-0.009705722,-120.0
0.6566251,0.6813511,-0.024726033,-225.0
0.4899874,0.48690546,0.0030819476,-142.0
0.6667936,0.55017763,0.11661595,821.0
0.5826192,0.6675739,-0.08495474,-772.0
0.6707682,0.6987994,-0.02803117,-239.0
0.33093426,0.3694282,-0.03849393,-326.0
0.5320662,0.7376329,-0.20556664,-1671.0
0.46186584,0.7485137,-0.28664786,-2044.0
0.8480729,0.976694,-0.1286211,-245.0
0.6821599,0.7303364,-0.048176527,-380.0
0.59946513,0.48379254,0.11567259,470.0
0.46870202,0.35809967,0.11060235,410.0
0.6346196,0.7181099,-0.08349031,-808.0
0.61435795,0.39850843,0.21584952,993.0
0.40372124,0.37799764,0.025723606,29.0
0.683381,0.68478113,-0.0014001131,33.0
0.58027655,0.35736528,0.22291127,952.0
0.5713259,0.61050665,-0.039180756,-397.0
0.5763495,0.37027195,0.20607755,862.0
0.68200576,0.7216014,-0.039595664,-324.0
0.47048333,0.4509309,0.01955244,-66.0
0.36969915,0.3333878,0.03631136,112.0
0.71700853,0.64059997,0.076408565,765.0
0.70519996,0.59953284,0.105667114,932.0
0.4146049,0.4101136,0.0044912994,-101.0
0.47245872,0.60315776,-0.13069904,-827.0
0.6801602,0.68598574,-0.0058255196,-13.0
0.70238733,0.5562934,0.1460939,1172.0
0.8251538,0.95428157,-0.12912774,-207.0
0.65145177,0.6638674,-0.0124156475,-123.0
0.61444324,0.55868626,0.055756986,242.0
0.3177912,0.26712722,0.050663978,307.0
0.7318346,0.6339351,0.0978995,934.0
0.500211,0.49792132,0.0022896826,-150.0
0.42591208,0.35368297,0.07222912,270.0
0.44128847,0.45556808,-0.014279604,-210.0
0.31841564,0.35325673,-0.03484109,-294.0
0.704914,0.8176041,-0.11269015,-507.0
0.58288765,0.6601122,-0.07722455,-705.0
0.48108545,0.57655346,-0.095468014,-637.0
0.38478598,0.38352332,0.0012626648,-113.0
0.23709866,0.26599973,-0.02890107,-205.0
0.6838715,0.59807754,0.08579397,720.0
0.65224904,0.6510098,0.0012392402,-11.0
0.2580077,0.25289062,0.0051170886,-15.0
0.39444828,0.47436666,-0.079918385,-492.0
0.7411824,0.81979036,-0.07860798,-203.0
0.630759,0.39466262,0.23609638,1164.0
0.592158,0.56353956,0.028618455,34.0
0.41731787,0.44793665,-0.030618787,-275.0
0.73660046,0.66394836,0.0726521,724.0
0.3223072,0.3325801,-0.01027289,-150.0
0.4901949,0.3502865,0.13990837,545.0
0.804152,0.9793063,-0.17515427,-441.0
0.27580246,0.34664395,-0.07084149,-538.0
0.7112869,0.4213195,0.2899674,1875.0
0.38549912,0.317343,0.06815612,314.0
0.30741608,0.3262061,-0.018790007,-201.0
0.6744526,0.6267718,0.047680795,420.0
0.8807358,0.90160364,-0.020867825,171.0
0.7607933,0.72053546,0.04025787,331.0
0.3323643,0.22448972,0.10787457,633.0
0.34690124,0.28103963,0.06586161,367.0
0.23873141,0.30706364,-0.068332225,-489.0
0.3082442,0.38779142,-0.07954723,-578.0
0.577837,0.42253768,0.1552993,579.0
0.6281402,0.6230195,0.0051206946,-47.0
0.6470408,0.7046191,-0.057578325,-558.0
0.9537725,0.9635012,-0.00972873,83.0
0.48591703,0.3382672,0.14764982,602.0
0.8613915,0.5745123,0.28687918,1900.0
0.9899947,0.83098525,0.15900946,518.0
0.677914,0.6913469,-0.01343286,-93.0
0.64382654,0.7191882,-0.07536167,-720.0
0.50204045,0.3632773,0.13876316,519.0
0.61959636,0.6628564,-0.043260038,-440.0
0.77915895,0.9799028,-0.20074385,-545.0
0.60797733,0.6682091,-0.060231745,-590.0
0.70333624,0.7624429,-0.059106648,-356.0
0.64713097,0.85356647,-0.2064355,-1212.0
0.71521163,0.5757001,0.13951153,1183.0
0.5102653,0.6027781,-0.09251279,-678.5
0.33657038,0.2477357,0.08883469,539.0
0.54416,0.51963013,0.024529874,-34.0
0.2602809,0.3835469,-0.12326598,-882.0
0.5072845,0.45241645,0.054868072,64.0
0.43089285,0.35655212,0.07434073,260.0
0.45130625,0.4360712,0.015235066,-82.0
0.5452446,0.5339595,0.011285067,-109.0
0.3373627,0.29256013,0.044802576,230.0
0.67007697,0.58539397,0.084683,658.0
0.6364087,0.53273916,0.103669524,579.0
0.53332627,0.6254155,-0.092089236,-709.0
0.81027985,0.94091886,-0.13063902,-191.0
0.81072587,0.94538546,-0.13465959,-212.0
0.5502779,0.42990842,0.120369464,393.0
0.87677926,0.95652527,-0.07974601,-47.0
0.5307273,0.38123637,0.14949095,551.0
0.6873673,0.7000082,-0.012640893,-68.0
0.41885647,0.30989486,0.10896161,552.0
0.4948635,0.6220494,-0.12718588,-865.0
0.4591811,0.41716722,0.042013884,49.0
0.6821603,0.6954299,-0.013269603,-91.0
0.48939332,0.5436244,-0.054231077,-417.0
0.7068099,0.870904,-0.16409415,-611.0
0.68450624,0.635493,0.049013257,467.0
0.79526794,0.90868646,-0.11341852,-159.0
0.6842477,0.7037056,-0.019457936,-141.0
0.51420677,0.5435226,-0.02931583,-303.0
0.70983213,0.7102909,-0.00045877695,68.0
1.0,0.84139925,0.15860075,502.0
0.9189135,0.85538757,0.063525915,380.0
0.78095406,0.57441,0.20654404,1589.0
0.7630097,0.80382127,-0.04081154,-62.0
0.2913173,0.31704694,-0.025729626,-243.0
0.3746553,0.38420337,-0.009548068,-185.0
0.35128987,0.36324018,-0.011950314,-175.0
0.2857542,0.26406604,0.021688163,108.0
0.2856984,0.26794448,0.017753929,77.0
0.50340873,0.31689507,0.18651366,836.0
0.5987226,0.6553989,-0.05667633,-558.0
0.7516361,0.83354783,-0.08191174,-192.0
0.8326463,0.88479394,-0.052147627,50.0
0.30015817,0.2988739,0.0012842715,-37.0
0.47462308,0.7072141,-0.23259103,-1682.0
0.5360342,0.43372393,0.1023103,291.0
0.4556659,0.488388,-0.032722116,-277.0
0.6622747,0.3568224,0.30545232,1705.0
0.25800276,0.32331344,-0.06531069,-512.0
0.580678,0.45861864,0.122059345,428.0
0.32563943,0.41731873,-0.091679305,-626.0
0.33783495,0.2947754,0.043059558,218.0
0.6791624,0.725817,-0.04665464,-374.0
0.5945788,0.730299,-0.1357202,-1238.0
0.6878332,0.6135397,0.074293494,665.0
0.62286603,0.7317008,-0.10883474,-1023.0
0.40469456,0.43788522,-0.033190668,-283.0
0.28491956,0.28549802,-0.0005784631,-64.0
0.65316933,0.6700837,-0.016914368,-172.0
0.2726143,0.2584235,0.014190793,51.0
0.8990983,0.96050966,-0.06141138,-1.0
0.6292671,0.67631257,-0.04704547,-477.0
0.6983112,0.7506237,-0.052312493,-343.0
0.5280509,0.74732393,-0.21927303,-1754.0
0.5360011,0.6119162,-0.0759151,-611.0
0.33595675,0.31791255,0.018044204,41.0
0.40757424,0.4069864,0.0005878508,-106.0
0.6702653,0.57141304,0.09885228,741.0
0.3679114,0.34586743,0.022043973,25.0
0.7766826,0.9086927,-0.1320101,-242.0
0.7340753,0.6677473,0.06632799,675.0
0.3879071,0.41568488,-0.027777791,-265.0
0.69156086,0.60227007,0.0892908,778.0
0.33981836,0.3592567,-0.019438356,-224.0
0.6080177,0.5440622,0.063955486,259.0
0.38339725,0.40606034,-0.022663087,-236.0
0.7648231,0.62150073,0.14332235,1222.0
0.7031767,0.61814183,0.08503485,804.0
0.2358791,0.222291,0.013588101,24.0
0.6894555,0.6353944,0.054061115,522.0
0.25628543,0.22327866,0.033006772,126.0
0.59900653,0.65038663,-0.051380098,-511.0
0.62283313,0.5243789,0.09845424,484.0
0.9540344,0.9783031,-0.024268687,15.0
0.69587004,0.7623258,-0.06645578,-437.0
0.67520326,0.65410423,0.021099031,221.0
0.773853,0.6895053,0.084347725,673.0
0.38136312,0.3281885,0.053174615,204.0
0.12708168,0.20796719,-0.080885515,-75.0
0.9214447,0.86538815,0.05605656,366.0
0.53775775,0.5453685,-0.0076107383,-200.0
0.8304968,0.94172573,-0.11122894,-119.0
0.22041686,0.32989463,-0.10947777,-732.0
0.46891016,0.5124695,-0.043559313,-331.0
0.53563654,0.62552905,-0.08989251,-706.0
0.676355,0.67276144,0.003593564,59.0
0.5498709,0.49287495,0.056995958,121.0
0.31659943,0.17247407,0.14412536,641.0
0.84835106,0.97601455,-0.1276635,-240.0
0.62596476,0.572765,0.053199768,257.0
0.59460497,0.6106909,-0.016085923,-235.0
0.5088921,0.5637222,-0.054830074,-440.0
0.70962435,0.8678535,-0.15822917,-578.0
0.5683919,0.68314236,-0.114750445,-1005.0
0.70529354,0.73396325,-0.028669715,-173.0
0.74776846,0.6666213,0.081147134,770.0
0.5757417,0.57958394,-0.0038422346,-190.0
0.66599554,0.6994607,-0.033465147,-295.0
0.65806246,0.7042533,-0.046190858,-440.0
0.6404556,0.5713196,0.06913602,411.0
0.76418465,0.46802136,0.2961633,2017.0
0.7054318,0.50826085,0.19717097,1440.0
0.6253495,0.73561597,-0.11026645,-1033.0
0.6890604,0.5462304,0.14283001,1082.0
0.45672745,0.4928866,-0.036159158,-291.0
0.45216936,0.44130492,0.010864437,-100.0
0.6458198,0.7598099,-0.11399013,-964.0
0.28886873,0.2606474,0.028221339,150.0
0.627026,0.6277041,-0.00067806244,-95.0
0.9377873,0.93448734,0.0032999516,218.0
0.5797967,0.39755383,0.18224284,728.0
0.18496267,0.19712983,-0.012167156,-17.0
0.36284563,0.37124565,-0.008400023,-158.0
0.4008209,0.40917298,-0.008352071,-157.0
0.3268663,0.33829334,-0.011427045,-160.0
0.7713818,0.70163006,0.06975174,552.0
0.6064842,0.6718077,-0.06532353,-647.0
0.26270372,0.13691233,0.12579139,288.0
0.2756127,0.29387626,-0.018263549,-173.0
0.41864064,0.6896607,-0.27102008,-1750.0
0.71437854,0.56807095,0.14630759,1227.0
0.43850446,0.41140607,0.027098387,-7.0
0.75980175,0.7423105,0.017491221,177.0
0.24398771,0.27981088,-0.035823166,-285.0
0.7304386,0.78319216,-0.052753568,-205.0
0.6188734,0.53787524,0.08099818,378.0
0.36667815,0.3061848,0.06049335,311.0
0.81252736,0.9384254,-0.12589806,-173.0
0.7338745,0.39391035,0.33996415,2215.0
0.61936903,0.62372077,-0.004351735,-128.0
0.765765,0.3787004,0.3870646,2474.0
0.33407834,0.3587536,-0.02467525,-251.0
0.5328361,0.4690391,0.06379697,118.0
0.7069016,0.62160957,0.08529204,818.0
0.5563007,0.69739014,-0.14108944,-1214.0
0.82120275,0.5617937,0.25940907,1838.0
0.84811497,0.95989436,-0.11177939,-160.0
0.3213021,0.25235984,0.06894225,416.0
0.6438372,0.5890472,0.05479002,348.0
0.95623064,0.9837334,-0.027502775,-18.0
0.24741279,0.22953798,0.017874807,51.0
0.46279135,0.38350222,0.07928914,245.0
0.60223407,0.6180077,-0.015773654,-236.0
0.25155887,0.3364669,-0.08490804,-655.0
0.7711521,0.9488724,-0.17772031,-415.0
0.73768127,0.5318904,0.20579088,1605.0
0.65714836,0.6243533,0.03279507,254.0
0.2921992,0.3086625,-0.01646331,-162.0
0.8524199,0.9282607,-0.07584077,-2.0
0.7507844,0.86849415,-0.117709756,-273.0
0.6478982,0.6830427,-0.035144508,-334.0
0.72788924,0.5534844,0.17440486,1417.0
0.822506,0.944461,-0.12195498,-158.0
0.75998443,0.8179013,-0.05791688,-107.0
0.2999165,0.23258792,0.06732859,382.0
0.40824085,0.36044356,0.047797292,143.0
0.6468457,0.5329893,0.113856375,684.0
0.64653444,0.6255001,0.02103436,131.0
0.92963827,0.91733545,0.012302816,253.0
0.74549305,0.97691965,-0.2314266,-683.0
0.3874455,0.3981706,-0.010725081,-170.0
0.5957383,0.5764759,0.019262373,-24.0
0.38027653,0.32465953,0.055617005,235.0
0.85819876,0.898156,-0.039957225,109.0
0.64027786,0.6994676,-0.059189737,-582.0
0.23463395,0.20095833,0.033675626,75.0
0.73872817,0.63747793,0.10125023,955.0
0.7893807,0.71025985,0.079120874,554.0
0.6959691,0.66921824,0.026750863,306.0
0.23439562,0.25715297,-0.022757351,-167.0
0.8808218,0.5750484,0.30577344,1959.0
0.3888767,0.2657962,0.12308049,722.0
0.33347788,0.36898404,-0.03550616,-306.0
0.71000904,0.3116176,0.39839143,2547.0
0.6954035,0.42448872,0.2709148,1691.0
0.6759379,0.54107785,0.13486004,966.0
0.71927106,0.979107,-0.25983596,-888.0
0.31642133,0.3442772,-0.027855873,-256.0
0.6597931,0.64417773,0.015615344,128.0
0.37527484,0.27880383,0.09647101,530.0
0.7406913,0.77658916,-0.03589785,-99.0
0.8561171,0.66526383,0.1908533,1235.0
0.6608139,0.7798094,-0.11899549,-896.0
0.39855105,0.39091802,0.0076330304,-76.0
0.60300815,0.619678,-0.01666987,-238.0
0.82321733,0.93858224,-0.11536491,-127.0
0.29302454,0.23843771,0.054586828,302.0
0.69627917,0.6416747,0.05460447,546.0
0.63688606,0.7039414,-0.067055345,-656.0
0.3653331,0.49876225,-0.13342914,-762.0
0.4128715,0.31691208,0.095959425,458.0
0.58214694,0.68456966,-0.102422714,-930.0
0.2632996,0.29959488,-0.036295265,-289.0
0.6455884,0.7547554,-0.10916698,-946.0
0.2474837,0.522581,-0.27509728,-1612.0
0.5410374,0.6380247,-0.09698731,-775.0
0.56992954,0.6466867,-0.07675713,-678.0
0.6508049,0.7159319,-0.065127015,-612.0
0.7612395,0.7469886,0.014250934,149.0
0.6775656,0.58986485,0.087700725,709.0
0.61101085,0.62495893,-0.013948083,-213.0
0.3635634,0.38838655,-0.024823159,-256.0
0.6176623,0.6999578,-0.08229548,-803.0
0.83904225,0.82546496,0.013577282,207.0
0.6520091,0.61653286,0.035476267,252.0
0.58660114,0.656611,-0.07000989,-656.0
0.24336404,0.15784082,0.08552322,160.0
0.68336815,0.7374989,-0.054130733,-419.0
0.24672982,0.22468823,0.022041589,66.0
0.60893214,0.67808366,-0.06915152,-668.0
0.49687073,0.38702455,0.109846175,355.0
0.7915577,0.9293572,-0.13779944,-235.0
0.46272632,0.407516,0.055210322,127.0
0.61002815,0.6222182,-0.012190044,-194.0
0.61711586,0.49582854,0.121287316,565.0
0.7575191,0.6968127,0.060706437,528.0
0.34743562,0.32954755,0.01788807,14.0
0.7302816,0.6980227,0.03225887,354.0
0.37943667,0.37138745,0.00804922,-74.0
0.44322193,0.4100122,0.03320974,33.0
0.36237854,0.52116346,-0.15878493,-878.0
0.53704464,0.5827751,-0.04573047,-418.0
0.27727395,0.3136495,-0.036375552,-295.0
0.64128435,0.73272157,-0.09143722,-858.0
0.42606425,0.514262,-0.08819777,-517.0
0.45808777,0.31304583,0.14504194,689.0
0.22639231,0.23194204,-0.005549729,-36.0
0.31231347,0.42137346,-0.10905999,-729.0
0.71832776,0.5355496,0.18277818,1431.0
0.82164365,0.8881271,-0.06648344,9.0
0.2897173,0.30021983,-0.010502547,-121.0
0.45194617,0.37520745,0.076738715,254.0
0.6538371,0.5891633,0.06467378,454.0
0.49898154,0.4514047,0.047576845,31.0
0.74322593,0.9751626,-0.2319367,-682.0
0.6073866,0.55346245,0.053924143,208.0
0.7616253,0.9264392,-0.16481394,-359.0
0.2979586,0.2581369,0.039821714,224.0
0.8071844,0.84806716,-0.040882766,29.0
0.2647722,0.27795526,-0.013183057,-139.0
0.6424353,0.6570539,-0.014618576,-168.0
0.9269935,0.9839151,-0.0569216,-59.0
0.27081,0.22478762,0.046022385,223.0
0.68217665,0.7515023,-0.069325626,-527.0
0.7151854,0.818482,-0.10329658,-406.0
0.84712017,0.85100305,-0.003882885,172.0
0.7207072,0.65440506,0.06630212,683.0
0.37126338,0.44082844,-0.06956506,-487.0
0.25070447,0.26561067,-0.014906198,-139.0
0.38934702,0.38294545,0.0064015687,-81.0
0.6746357,0.7119816,-0.037345886,-316.0
0.6143172,0.6299948,-0.01567763,-221.0
0.43269768,0.36479482,0.06790286,222.0
0.83113104,0.91240764,-0.081276596,-23.0
0.6200392,0.5129827,0.1070565,518.0
0.80997753,0.80014014,0.009837389,153.0
0.2688723,0.2560654,0.012806892,39.0
0.35639235,0.42779183,-0.07139948,-503.0
0.45099977,0.5785525,-0.12755272,-765.0
0.2963091,0.3266404,-0.030331284,-287.0
0.61200553,0.6733964,-0.061390877,-612.0
0.26934654,0.25249726,0.01684928,66.0
0.8544823,0.9263411,-0.07185882,17.0
0.31270394,0.23264681,0.08005713,478.0
0.67462313,0.60654855,0.068074584,572.0
0.71891993,0.7030158,0.015904129,221.0
0.5123,0.48236856,0.029931456,-32.0
0.55738825,0.51141363,0.045974612,82.0
0.22808814,0.259281,-0.031192869,-189.0
0.72562146,0.74150777,-0.015886307,-31.0
0.25007352,0.3048955,-0.054821968,-417.0
0.70806956,0.6792493,0.028820276,341.0
0.3113587,0.25560445,0.055754244,336.0
0.544898,0.73145753,-0.18655956,-1567.0
0.77800983,0.9266493,-0.14863944,-290.0
0.4957928,0.596251,-0.100458205,-695.0
0.68901557,0.7113461,-0.022330523,-155.0
0.7663699,0.61939615,0.14697373,1239.0
0.5112004,0.45022956,0.060970873,94.0
0.34917575,0.3284733,0.020702451,29.0
0.28860533,0.26564574,0.02295959,121.0
0.6057634,0.4314275,0.17433587,745.0
0.15139702,0.30398947,-0.15259245,-607.0
0.67479,0.50448877,0.17030126,1128.0
0.62149316,0.60876685,0.012726307,-3.0
0.39295033,0.33618027,0.056770056,234.0
0.42052823,0.44539648,-0.02486825,-249.0
0.6585393,0.6174704,0.04106891,316.0
0.44240758,0.5662021,-0.123794526,-713.0
0.3135948,0.26708117,0.046513617,280.0
0.8180001,0.77175164,0.046248436,277.0
0.909855,0.92352813,-0.013673127,192.0
0.70159364,0.660895,0.040698647,446.0
0.5415031,0.50492144,0.036581635,16.0
0.47916034,0.42891586,0.05024448,64.0
0.5462973,0.54054916,0.0057481527,-129.0
0.49493867,0.34721303,0.14772564,580.0
0.6391542,0.773282,-0.1341278,-1099.0
0.3239384,0.34284627,-0.018907875,-207.0
0.67318124,0.58662397,0.08655727,686.0
0.66660345,0.70598817,-0.039384723,-351.0
0.7316413,0.6153269,0.11631441,1063.0
0.68658155,0.6521804,0.03440118,356.0
0.3469006,0.38398665,-0.03708604,-327.0
0.7047401,0.7089926,-0.0042524934,31.0
0.38655925,0.38938773,-0.0028284788,-135.0
0.34495646,0.34263504,0.002321422,-82.0
0.7864742,0.91998434,-0.13351011,-234.0
0.56775457,0.5510389,0.016715646,-67.0
0.44261286,0.30183014,0.14078271,711.0
0.423261,0.38195395,0.041307032,92.0
0.5112951,0.54371125,-0.032416165,-325.0
0.87973094,0.8853267,-0.0055957437,209.0
0.64297986,0.48800474,0.15497512,858.0
0.8115918,0.9101953,-0.09860349,-86.0
0.60373396,0.7526255,-0.14889157,-1341.0
0.704637,0.7205282,-0.015891194,-77.0
0.28816104,0.32071844,-0.032557398,-295.0
0.61666495,0.6347038,-0.018038869,-238.0
0.24419613,0.3094104,-0.06521426,-477.0
0.54651684,0.47429976,0.07221708,171.0
0.91696876,0.9826859,-0.06571716,-74.0
0.5883479,0.50864434,0.07970357,283.0
0.6495726,0.5498511,0.09972149,630.0
0.22199062,0.258066,-0.036075383,-203.0
0.7115817,0.5840944,0.1274873,1102.0
0.3600793,0.47027254,-0.11019325,-684.0
0.61179006,0.68057084,-0.06878078,-672.0
0.31844783,0.33420092,-0.01575309,-178.0
0.5486052,0.6041843,-0.055579126,-490.0
0.28527376,0.2024693,0.08280446,381.0
0.65321064,0.52123636,0.13197428,817.0
0.6026896,0.66595626,-0.063266635,-615.0
0.5962383,0.699707,-0.10346866,-978.0
0.7287702,0.73754054,-0.008770347,24.0
0.8420619,0.5796869,0.262375,1788.0
0.38876164,0.31248474,0.0762769,386.0
0.63645756,0.5536273,0.08283025,480.0
0.27893206,0.2803765,-0.0014444292,-50.0
0.8319421,0.9133334,-0.081391335,-24.0
0.71334815,0.7688171,-0.055468976,-295.0
0.46327406,0.4332123,0.030061752,-16.0
0.83507425,0.93760145,-0.1025272,-87.0
0.6532507,0.7893674,-0.13611668,-1001.0
0.5934523,0.5556081,0.03784418,84.0
0.8077358,0.7435498,0.06418598,384.0
0.44301748,0.31897005,0.12404743,580.0
0.4162046,0.31694913,0.09925547,473.0
0.3236669,0.3733236,-0.04965669,-392.0
0.7400161,0.6837031,0.05631298,578.0
0.84868795,0.9520825,-0.10339457,-118.0
0.6511147,0.6717247,-0.020609975,-210.0
0.628524,0.7521595,-0.12363547,-1112.0
0.6762857,0.6349609,0.041324794,388.0
0.37942743,0.30397856,0.07544887,391.0
0.6035086,0.7397842,-0.13627559,-1248.0
0.22193989,0.18378268,0.03815721,67.0
0.5810931,0.63772535,-0.05663228,-550.0
0.5225067,0.42122513,0.10128158,291.0
0.7243061,0.69585556,0.028450549,316.0
0.69694006,0.96764356,-0.2707035,-1049.0
0.661862,0.6943426,-0.032480597,-305.0
0.7256608,0.62188244,0.10377836,977.0
0.74467593,0.86580867,-0.12113273,-296.0
0.6296539,0.7048516,-0.07519776,-742.0
0.5831896,0.52383024,0.05935937,169.0
0.6715367,0.7920752,-0.12053853,-807.0
0.6287694,0.68279165,-0.054022253,-537.0
0.8761622,0.924313,-0.048150837,96.0
0.54428476,0.6649918,-0.120707035,-975.0
0.61913306,0.68725824,-0.06812519,-676.0
0.7947363,0.7623954,0.032340944,217.0
0.7726851,0.9789624,-0.20627731,-564.0
0.6670772,0.7418613,-0.0747841,-616.0
0.7461258,0.8182378,-0.072111964,-181.0
0.6529897,0.6800106,-0.027020931,-260.0
0.71940386,0.69213325,0.027270615,326.0
0.24295245,0.33269915,-0.0897467,-672.0
0.44965667,0.57905847,-0.1294018,-771.0
0.24398053,0.37554538,-0.13156486,-922.0
0.2842783,0.2840787,0.00019961596,-58.0
0.2756012,0.25781673,0.017784476,82.0
0.679398,0.59977543,0.07962257,660.0
0.30597782,0.3080241,-0.002046287,-64.0
0.34535873,0.33712497,0.008233756,-46.0
0.7865576,0.7277768,0.05878079,407.0
0.60513437,0.5896329,0.01550144,-27.0
0.47793084,0.5074779,-0.029547036,-280.0
0.3027615,0.26800174,0.03475976,188.0
0.24129474,0.19114856,0.050146177,120.0
0.7395535,0.6199565,0.11959702,1104.0
0.2696781,0.28428847,-0.01461038,-160.0
0.70949376,0.50729436,0.2021994,1481.0
0.5370373,0.45684186,0.08019546,191.0
0.6424066,0.5319998,0.11040676,643.0
0.4957182,0.39610693,0.09961128,296.0
0.28450418,0.4014048,-0.11690062,-802.0
0.22139415,0.29215595,-0.0707618,-449.0
0.24860197,0.29971585,-0.051113874,-391.0
0.41753295,0.4512655,-0.033732563,-291.0
0.50305754,0.6525047,-0.14944714,-1065.0
0.3548258,0.44983038,-0.09500459,-614.0
0.21975052,0.22578214,-0.0060316175,-33.0
0.9081417,0.9024631,0.005678594,238.0
0.4849381,0.25987458,0.22506353,1159.0
0.2570736,0.27741417,-0.020340562,-189.0
0.699677,0.58148164,0.118195355,993.0
0.56363666,0.5648124,-0.0011757612,-160.0
0.5311683,0.7683209,-0.23715264,-1858.0
0.6171188,0.6894544,-0.0723356,-713.0
0.6740214,0.59477264,0.079248786,637.0
0.5778185,0.5491902,0.02862829,5.0
0.68719304,0.7043447,-0.017151654,-117.0
0.4124018,0.4310215,-0.018619716,-221.0
0.16711256,0.14034054,0.026772022,9.0
0.208114,0.18459415,0.023519844,34.0
0.46313325,0.68512315,-0.2219899,-1511.0
0.64109993,0.4951029,0.14599702,802.0
0.32635874,0.29774624,0.028612494,141.0
0.6345621,0.5867958,0.04776627,261.0
0.727612,0.6684554,0.059156597,606.0
0.5134925,0.54150474,-0.028012216,-299.0
0.77117264,0.82924813,-0.058075488,-86.0
0.70416975,0.6656216,0.03854817,431.0
0.20724452,0.20817138,-0.0009268671,-10.0
0.26317242,0.25001323,0.013159186,42.0
0.6120034,0.622629,-0.010625601,-182.0
0.5757114,0.62933546,-0.053624034,-510.0
0.35294116,0.1809278,0.17201336,838.0
0.63667214,0.53911734,0.0975548,552.0
0.35819572,0.44192734,-0.08373162,-569.0
0.79056156,0.6986096,0.09195197,664.0
0.48205656,0.46331763,0.018738925,-93.0
0.6873499,0.67269146,0.014658451,179.0
0.27055728,0.28451914,-0.013961852,-160.0
0.613393,0.52351475,0.08987826,401.0
0.28848743,0.28845346,3.3974648e-05,-65.0
0.7110545,0.9787328,-0.26767832,-958.0
0.6296191,0.5760522,0.053566933,269.0
0.26582265,0.21875823,0.047064424,216.0
0.3300557,0.25718853,0.072867185,435.0
0.6813067,0.6622099,0.019096792,216.0
0.6479005,0.65953696,-0.011636436,-121.0
0.2938987,0.2930426,0.0008561015,-58.0
0.4216749,0.27450895,0.14716595,807.0
0.36810553,0.33137962,0.03672591,118.0
0.67455447,0.7209583,-0.046403825,-399.0
0.7589516,0.6640061,0.09494549,845.0
0.5345652,0.54990596,-0.015340745,-240.0
0.70917463,0.72969306,-0.020518422,-92.0
0.69662446,0.6394505,0.057173967,560.0
0.6201004,0.75007236,-0.12997198,-1175.0
0.53669876,0.33682758,0.19987118,843.0
0.91347253,0.96958494,-0.05611241,-13.0
0.26806056,0.24557567,0.022484899,112.0
0.38984114,0.34296873,0.046872407,168.0
0.6646712,0.7969359,-0.13226473,-898.0
0.2852767,0.29414576,-0.008869052,-115.0
0.9308945,0.7327048,0.19818968,834.0
0.56143165,0.64917266,-0.08774102,-742.0
0.41220707,0.4478789,-0.03567183,-300.0
0.67623836,0.7324538,-0.056215465,-468.0
0.28163332,0.305508,-0.02387467,-200.0
0.5767166,0.6625154,-0.0857988,-766.0
0.8273838,0.914247,-0.08686316,-38.0
0.5468895,0.44165266,0.10523683,310.0
0.30442148,0.23350911,0.070912376,408.0
0.635804,0.60964215,0.02616185,133.0
0.51974636,0.5364463,-0.01669991,-243.0
0.32882485,0.35385656,-0.025031716,-247.0
0.818005,0.9424277,-0.12442267,-168.0
0.6967946,0.609837,0.08695763,788.0
0.2029983,0.2037581,-0.0007598102,-10.0
0.9395562,0.7355435,0.20401269,833.0
0.26757646,0.2647378,0.0028386414,-15.0
0.75396544,0.6973001,0.05666536,507.0
0.6911309,0.5452596,0.14587128,1108.0
0.5403039,0.53865874,0.0016451478,-153.0
0.68687034,0.69764715,-0.010776818,-55.0
0.5875782,0.72036856,-0.13279039,-1229.0
0.29470074,0.28305486,0.011645883,17.0
0.98393357,0.9160977,0.06783587,315.0
0.62804556,0.59733456,0.030710995,121.0
0.8077708,0.9486784,-0.14090759,-248.0
0.2645983,0.28624773,-0.02164942,-207.0
0.5738356,0.6012046,-0.027368963,-324.0
0.6024272,0.64751136,-0.04508418,-467.0
0.8706,0.9114381,-0.040838122,117.0
0.80479604,0.9286265,-0.12383044,-187.0
0.72671986,0.7461214,-0.01940155,-60.0
0.88857603,0.8280682,0.060507834,366.0
0.5308668,0.5123934,0.018473387,-66.0
0.7752949,0.5978112,0.17748368,1417.0
0.4984342,0.3978856,0.100548595,303.0
0.89232945,0.93717766,-0.044848204,103.0
0.33990693,0.46115124,-0.12124431,-750.0
0.3511653,0.4437282,-0.092562914,-611.0
0.37281868,0.36633828,0.006480396,-82.0
0.7022685,0.6742293,0.028039157,323.0
0.62101257,0.65403134,-0.033018768,-346.0
0.48918965,0.5219559,-0.032766253,-311.0
0.4072408,0.3868168,0.020424008,-5.0
0.51676166,0.63950163,-0.12273997,-904.0
0.5638202,0.45710376,0.106716424,336.0
0.2855435,0.28725326,-0.0017097592,-75.0
0.71401936,0.7422839,-0.028264523,-129.0
0.34220776,0.2810757,0.061132073,339.0
0.31432176,0.30843002,0.0058917403,-2.0
0.22515218,0.29318205,-0.068029866,-442.0
0.7934452,0.8068685,-0.013423264,65.0
0.68998337,0.6450475,0.044935882,453.0
0.44763726,0.48902026,-0.041383,-312.0
0.3252073,0.087518446,0.23768884,711.0
0.6687438,0.7628751,-0.09413129,-730.0
0.73729575,0.7723288,-0.035033047,-108.0
0.43870816,0.44001976,-0.0013116002,-154.0
0.52870214,0.4804786,0.048223525,62.0
0.6835103,0.691816,-0.008305669,-38.0
0.34718558,0.31639126,0.030794322,117.0
0.21304904,0.24575849,-0.03270945,-145.0
0.97082055,0.9680922,0.002728343,76.0
0.5153267,0.7196468,-0.20432013,-1621.0
0.6576717,0.5426521,0.11501962,753.0
0.27391428,0.21905586,0.054858416,265.0
0.66678756,0.8125928,-0.14580524,-903.0
0.7311394,0.5222181,0.20892131,1596.0
0.7080888,0.7360527,-0.027963877,-158.0
0.40129325,0.3545142,0.046779037,150.0
0.8709373,0.8996273,-0.02869004,144.0
0.88178235,0.80674905,0.07503331,395.0
0.8095349,0.78074163,0.028793275,197.0
0.6353141,0.52766293,0.107651174,599.0
0.32211167,0.3214016,0.00071007013,-70.0
0.6204816,0.66357696,-0.04309535,-434.0
0.6122249,0.701788,-0.08956313,-872.0
0.782378,0.67497206,0.10740596,847.0
0.27536964,0.2713167,0.004052937,-19.0
0.25498697,0.22825274,0.026734233,97.0
0.6252565,0.6893262,-0.06406975,-638.0
0.65046966,0.6724397,-0.021970034,-222.0
0.6594516,0.6097065,0.049745083,379.0
0.933908,0.9695608,-0.035652816,29.0
0.2561193,0.30155432,-0.04543501,-359.0
0.37974042,0.35468623,0.025054187,28.0
0.6819462,0.69544953,-0.013503313,-96.0
0.64078915,0.7314812,-0.09069204,-848.0
0.31014907,0.30825144,0.0018976331,-29.0
0.26082942,0.2818789,-0.02104947,-206.0
0.53343797,0.48942867,0.044009298,52.0
0.30902463,0.439345,-0.13032037,-838.0
0.6378267,0.67457557,-0.036748886,-367.0
1.0,0.74986696,0.25013304,790.0
0.7940573,0.82515615,-0.031098843,30.0
0.58033425,0.5562863,0.02404797,-13.0
0.22307682,0.32705766,-0.10398084,-699.0
0.78127444,0.5690041,0.21227032,1629.0
0.35666215,0.32788226,0.028779894,73.0
0.7581647,0.66252196,0.095642745,855.0
0.31304458,0.34723642,-0.034191847,-297.0
0.2355045,0.23849787,-0.002993375,-50.0
0.4141599,0.36533338,0.048826516,138.0
0.58581346,0.6070611,-0.021247625,-283.0
0.3636484,0.2932207,0.070427716,370.0
0.5878169,0.5882566,-0.00043970346,-146.0
0.555201,0.4779839,0.0772171,204.0
0.27342507,0.24272859,0.030696481,156.0
0.2406446,0.0988851,0.14175951,163.0
0.59855586,0.5024228,0.09613305,376.0
0.68448883,0.74498457,-0.060495734,-457.0
0.61088425,0.58175945,0.029124796,63.0
0.718714,0.71569043,0.0030235648,109.0
0.3217934,0.30892748,0.012865931,36.0
0.68817,0.3442823,0.34388772,2080.0
0.41206387,0.31703287,0.09503099,452.0
0.30463746,0.26757032,0.037067145,206.0
0.6939168,0.68662983,0.007286966,117.5
0.7283262,0.57075614,0.15757006,1322.0
0.6605494,0.61183596,0.048713446,371.0
0.7782549,0.6796013,0.098653615,795.0
0.78805584,0.9623802,-0.17432433,-410.0
0.2343407,0.25794178,-0.023601085,-171.0
0.16838507,0.22060771,-0.05222264,-95.0
0.8896474,0.93887573,-0.04922831,89.0
0.8943798,0.7224114,0.1719684,826.0
0.66846037,0.79298383,-0.12452346,-842.0
0.812603,0.7318481,0.080754876,481.0
0.7097667,0.713115,-0.003348291,46.0
0.64547694,0.42087612,0.22460082,1169.0
0.9353029,0.96065056,-0.02534765,80.0
0.64853793,0.7003198,-0.051781893,-500.0
0.39636827,0.441785,-0.045416743,-352.0
0.805639,0.71447957,0.09115946,592.0
0.25906387,0.25554514,0.0035187304,-17.0
0.6719264,0.7054822,-0.033555806,-292.0
0.36764583,0.4380227,-0.07037687,-492.0
0.4475143,0.34886652,0.09864777,390.0
0.18903384,0.15424982,0.03478402,35.0
0.6735342,0.57103205,0.10250217,780.0
0.6556771,0.6792448,-0.023567736,-216.0
0.37218213,0.2996899,0.07249224,382.0
0.098667994,0.24172683,-0.14305884,-203.0
0.6051371,0.6711757,-0.06603861,-646.0
0.40667525,0.37426132,0.03241393,67.0
0.3024781,0.2684581,0.034020007,182.0
0.5379544,0.5577932,-0.01983881,-258.0
0.36497092,0.31409603,0.05087489,233.0
0.8974322,0.97886443,-0.08143222,-102.0
0.2525317,0.29549593,-0.04296422,-348.0
0.63439256,0.5967714,0.03762114,196.0
0.70740396,0.71454746,-0.0071434975,14.0
0.59353733,0.68829924,-0.09476191,-895.0
0.38189536,0.32793823,0.053957134,210.0
0.30785882,0.31059876,-0.002739936,-69.0
0.4567448,0.43578148,0.020963311,-54.0
0.73486763,0.8810141,-0.14614648,-389.0
0.36190528,0.34583893,0.016066343,-14.0
0.32410702,0.39236307,-0.06825605,-501.0
0.91332746,0.9540811,-0.040753663,67.0
0.6678024,0.5758741,0.0919283,682.0
0.59413326,0.6067506,-0.01261735,-219.0
0.37867093,0.30114138,0.07752955,401.0
0.26234186,0.2515467,0.010795146,25.0
0.52267706,0.5742984,-0.051621318,-425.0
0.89718026,0.94367677,-0.04649651,81.0
0.6853443,0.5578121,0.12753218,983.0
0.7149155,0.83489555,-0.11998004,-452.0
0.7731874,0.4905701,0.2826173,1978.0
0.3352049,0.34578,-0.010575086,-154.0
0.32967255,0.32150373,0.008168817,-29.0
0.7225095,0.7522088,-0.029699326,-136.0
0.96995854,0.9471972,0.022761345,190.0
0.5572957,0.47728294,0.08001274,220.0
0.2958688,0.24577262,0.0500962,286.0
0.52030385,0.42275736,0.09754649,270.0
0.5073646,0.49129763,0.016066939,-88.0
0.49921918,0.48689327,0.012325913,-101.0
0.6256878,0.41016692,0.21552086,1035.0
0.28607383,0.34133163,-0.055257797,-443.0
0.58509946,0.5866167,-0.0015172362,-155.0
0.53800046,0.67924154,-0.14124107,-1135.0
0.59001684,0.73993707,-0.14992023,-1342.0
0.6562525,0.6691519,-0.012899399,-123.0
0.7180535,0.74694514,-0.028891623,-126.0
0.52540004,0.4422583,0.083141744,203.0
0.6400385,0.63216877,0.00786972,12.0
0.29453355,0.26693332,0.027600229,142.0
0.2521572,0.2444141,0.0077431053,1.0
0.6951947,0.65556675,0.03962797,410.0
0.6039764,0.6546978,-0.050721347,-507.0
0.25898364,0.26623753,-0.0072538853,-86.0
0.7612354,0.7018658,0.059369624,497.0
0.44894746,0.6349925,-0.18604502,-1138.0
0.6281884,0.68764955,-0.059461176,-597.0
0.24141863,0.31572485,-0.07430622,-550.0
0.77414495,0.84849054,-0.07434559,-117.0
0.50266117,0.5701135,-0.06745231,-492.0
0.5771418,0.9115379,-0.33439606,-1952.0
0.23783916,0.27285758,-0.035018414,-263.0
0.29996577,0.2599992,0.039966583,225.0
0.34173766,0.2914246,0.050313056,261.0
0.63315314,0.6252408,0.007912338,-10.0
0.7912451,0.95607257,-0.16482747,-364.0
0.45839047,0.5664645,-0.10807401,-647.0
0.6849768,0.61929816,0.065678656,605.0
0.40938205,0.5212439,-0.111861825,-627.0
0.63693887,0.58350235,0.053436518,306.0
0.5128083,0.41202205,0.10078627,290.0
0.5650481,0.5283605,0.036687613,40.0
0.74773026,0.6563477,0.09138256,849.0
0.28808874,0.3805811,-0.09249237,-670.0
0.29993844,0.22064848,0.07928996,427.0
0.3464909,0.2485573,0.09793359,589.0
0.76321065,0.6642927,0.09891796,867.0
0.7163921,0.83193874,-0.115546644,-429.0
0.9292847,0.97827095,-0.048986256,-20.0
0.38553926,0.4960697,-0.110530436,-638.0
0.3147172,0.27766064,0.037056565,204.0
0.6473183,0.52960664,0.11771166,716.0
0.39742762,0.4180022,-0.02057457,-229.0
0.7782512,0.757572,0.020679176,164.0
0.6727523,0.6927219,-0.019969583,-165.0
0.7190564,0.46011052,0.2589459,1770.0
0.7215557,0.69443494,0.027120769,313.0
0.59863293,0.5599799,0.038653016,95.0
0.807425,0.52961284,0.27781218,1941.0
0.64983106,0.6104664,0.039364636,275.0
0.79906166,0.9668062,-0.16774452,-394.0
0.550545,0.5893819,-0.038836896,-376.0
0.8903291,0.9706991,-0.08036995,-84.0
0.34881854,0.3803504,-0.03153187,-284.0
0.62682766,0.6352134,-0.008385718,-151.0
0.63664466,0.65598726,-0.019342601,-217.0
0.2237964,0.27179122,-0.047994822,-292.0
0.88684815,0.960013,-0.07316482,-33.0
0.6718898,0.7653562,-0.0934664,-711.0
0.4044212,0.40778866,-0.0033674538,-124.0
0.27745575,0.1779825,0.09947325,377.0
0.8709569,0.93391,-0.062953115,52.0
0.28844967,0.17835718,0.11009249,437.0
0.37659252,0.41292158,-0.03632906,-324.0
0.66449046,0.7963303,-0.13183981,-901.0
0.5662584,0.5485694,0.01768899,-61.0
0.68741745,0.45271358,0.23470387,1484.0
0.52796215,0.3574792,0.17048293,669.0
0.7484184,0.73527616,0.013142228,160.0
0.32746297,0.35520586,-0.027742893,-268.0
0.37964687,0.4243071,-0.04466024,-366.0
0.64707446,0.67818403,-0.031109571,-302.0
0.7315766,0.69076514,0.04081148,426.0
0.2912865,0.2669589,0.024327606,124.0
0.6327974,0.6331735,-0.0003761053,-69.0
0.49096668,0.5441139,-0.053147197,-415.0
0.61765486,0.7194507,-0.10179585,-980.0
0.6415355,0.68823475,-0.046699226,-464.0
0.69817734,0.6199465,0.07823086,742.0
0.6419655,0.7106091,-0.06864357,-664.0
0.27586716,0.40580156,-0.1299344,-872.0
0.8017161,0.85848916,-0.056773067,-26.0
0.7888235,0.97671014,-0.18788666,-474.0
0.18768406,0.22727162,-0.039587557,-94.0
0.3150629,0.35293442,-0.03787151,-315.0
0.26148304,0.2911738,-0.029690742,-260.0
0.46202582,0.41872385,0.04330197,51.0
0.8182267,0.96977293,-0.15154624,-315.0
0.58446777,0.743085,-0.15861726,-1407.0
0.25659442,0.34773043,-0.09113601,-689.0
0.61742616,0.7786694,-0.16124326,-1333.0
0.50790644,0.47279322,0.035113215,-15.0
0.62936246,0.4878721,0.14149037,720.0
0.31187746,0.29552644,0.016351014,64.0
0.2814311,0.31705937,-0.03562826,-307.0
0.43546695,0.44137245,-0.005905509,-175.0
0.2627571,0.33616987,-0.073412776,-568.0
0.92500186,0.9393898,-0.014387965,175.0
0.4676552,0.45453826,0.013116956,-97.0
0.663005,0.5588528,0.1041522,728.0
0.448396,0.46195936,-0.013563365,-210.0
0.38749155,0.36334407,0.02414748,26.0
0.92148674,0.81690866,0.10457808,481.0
0.26494998,0.6984574,-0.43350744,-2729.0
0.90832525,0.941745,-0.03341973,119.0
0.26679003,0.31568384,-0.04889381,-391.0
0.63403594,0.7039163,-0.06988037,-692.0
0.73844445,0.6437509,0.09469354,916.0
0.26489425,0.22978899,0.03510526,168.0
0.7444108,0.87964565,-0.13523483,-324.0
0.19977969,0.32434815,-0.12456846,-722.0
0.58025455,0.8241368,-0.24388224,-1735.0
0.6455485,0.6671302,-0.02158165,-213.0
0.35804754,0.31338388,0.044663668,197.0
0.64875597,0.6649741,-0.016218126,-160.0
0.68317604,0.69118804,-0.008011997,-37.0
0.8384064,0.84221655,-0.0038101673,161.0
0.68128043,0.6107175,0.07056296,611.0
0.5167632,0.39382416,0.12293905,414.0
0.21481422,0.23532607,-0.02051185,-91.0
0.35385504,0.30631575,0.047539294,236.0
0.80301166,0.80596805,-0.0029563904,102.0
0.39108223,0.33231276,0.058769464,244.0
0.5136989,0.52834064,-0.014641762,-226.0
0.8042227,0.9617956,-0.15757293,-344.0
0.9559984,0.9863008,-0.030302405,-27.0
0.4278311,0.43051094,-0.0026798248,-151.0
0.36494955,0.3558088,0.00914076,-60.0
0.29334068,0.27090386,0.022436827,97.0
0.7543539,0.6473761,0.10697776,961.0
0.5000468,0.43974414,0.060302645,94.0
0.21078025,0.40871787,-0.19793762,-1207.0
